word, tag
不,拒绝
不买了哦,拒绝
不买哦,拒绝
不会哦,拒绝
不全啊,拒绝
不好,拒绝
不对,拒绝
不对吧,拒绝
不对呀,拒绝
不对呢,拒绝
不对哟,拒绝
不对唉,拒绝
不对啊,拒绝
不对撒,拒绝
不对的,拒绝
不对额,拒绝
不得行哦,拒绝
不给啊,拒绝
不能哦,拒绝
不能噢,拒绝
不行,拒绝
不行哦,拒绝
不行噢,拒绝
不行的哦,拒绝
不要哦,拒绝
也不对,拒绝
也不对啊,拒绝
也不行哦,拒绝
刚好不对,拒绝
哦不对,拒绝
哦那不用,拒绝
哦那不用了,拒绝
哦那不行,拒绝
哦那不要,拒绝
哦那算了,拒绝
哦那算了吧,拒绝
填的不对,拒绝
这不对啊,拒绝
这个不对,拒绝
那不对呀,拒绝
那不对啊,拒绝
那不行,拒绝
那个不对,拒绝
那也不对,拒绝
那就不对,拒绝
都不对,拒绝
-亲,无意义
-在吗,无意义
.你好,无意义
.哦,无意义
.噢,无意义
.在么,无意义
.在吗,无意义
0哦,无意义
1你好,无意义
1哦,无意义
1哦哦,无意义
1的好,无意义
3你好,无意义
3在,无意义
4哦,无意义
5在吗,无意义
6你好,无意义
6哦,无意义
88,无意义
8哦,无意义
9哦,无意义
9在,无意义
9在不,无意义
9在吗,无意义
9在啊,无意义
:你好,无意义
:哦,无意义
:在,无意义
:在不,无意义
:在吗,无意义
:您好,无意义
@你好,无意义
@哦哦,无意义
a我,无意义
d了,无意义
d你好,无意义
d哦哦,无意义
d我,无意义
e噢,无意义
h你好,无意义
h哦哦,无意义
h您好,无意义
i你好,无意义
i哦,无意义
i哦哦,无意义
i您好,无意义
j哦,无意义
j哦哦,无意义
j您好,无意义
k噢,无意义
l你好,无意义
l哦,无意义
l在,无意义
l在吗,无意义
mm在吗,无意义
m你好,无意义
m在吗,无意义
m您好,无意义
n你在吗,无意义
n你好,无意义
n你好在吗,无意义
n在,无意义
n在吗,无意义
n您好,无意义
ok,无意义
oo,无意义
oo哦,无意义
oo哦哦,无意义
oo噢,无意义
o了,无意义
o你好,无意义
o哈哈,无意义
o哦,无意义
o哦哦,无意义
o啦,无意义
o噢噢,无意义
o点,无意义
o的,无意义
o看,无意义
o知道了,无意义
o谢,无意义
qq啊,无意义
s哦,无意义
s在吗,无意义
v在,无意义
v在不,无意义
v您好,无意义
w噢,无意义
w在不,无意义
w我好,无意义
y在吗,无意义
z你好,无意义
z在,无意义
z在不,无意义
z在吗,无意义
z您好,无意义
‘哦,无意义
一一一哦,无意义
一哦,无意义
一嗯,无意义
一在,无意义
一恩,无意义
一我,无意义
上好,无意义
下下,无意义
下了哦,无意义
下午好,无意义
下好了,无意义
不买好了吗,无意义
不低哦,无意义
不再啊,无意义
不分啊,无意义
不分对吗,无意义
不到哦,无意义
不卖吗哦,无意义
不哈,无意义
不哦,无意义
不哦好的,无意义
不嗯,无意义
不在,无意义
不在不,无意义
不在不在,无意义
不在么,无意义
不在了,无意义
不在了吗,无意义
不在了啊,无意义
不在你这,无意义
不在吗,无意义
不在吗啊,无意义
不在吧,无意义
不在呢,无意义
不在啊,无意义
不在啦,无意义
不在嘛,无意义
不在外,无意义
不在家,无意义
不在家哦,无意义
不在是吧,无意义
不在线,无意义
不在线吗,无意义
不在行,无意义
不在这,无意义
不多了,无意义
不好了,无意义
不好吧,无意义
不好呀,无意义
不好啊,无意义
不好好,无意义
不好定,无意义
不好对吧,无意义
不好差,无意义
不好店,无意义
不好找的,无意义
不好抢,无意义
不好抢吧,无意义
不好拉,无意义
不好搞,无意义
不好的是,无意义
不好试吧,无意义
不好说,无意义
不存在,无意义
不存在了,无意义
不存在吧,无意义
不存在哦,无意义
不存在啊,无意义
不存在的,无意义
不实在,无意义
不实在啊,无意义
不对比,无意义
不带对吗,无意义
不得啊,无意义
不急,无意义
不懂噢,无意义
不懂在那,无意义
不收好的,无意义
不是呀,无意义
不是在家,无意义
不是好的,无意义
不是对你,无意义
不是所有的,无意义
不是有呀,无意义
不是有的,无意义
不是有送的,无意义
不是滴呀,无意义
不是现在,无意义
不是现在吗,无意义
不是还在吗,无意义
不满啊,无意义
不用你的哦,无意义
不看,无意义
不看啊,无意义
不知啊,无意义
不装啊,无意义
不要多好,无意义
不见有哦,无意义
不试,无意义
不通啊,无意义
不都在,无意义
不错,无意义
个我,无意义
丫丫,无意义
中午好,无意义
中午好在吗,无意义
为你好,无意义
为我,无意义
丽丽,无意义
丽丽在吗,无意义
久噢,无意义
么,无意义
么么,无意义
乐乐,无意义
也不在,无意义
也不多,无意义
也在,无意义
也好,无意义
也好吧,无意义
也是,无意义
也是么,无意义
也是吗,无意义
也是哈,无意义
也是啊,无意义
买好,无意义
买好吧,无意义
买的好,无意义
买的好的,无意义
了,无意义
了了,无意义
了哈,无意义
了啊,无意义
了美女,无意义
了解好,无意义
了解好的,无意义
亏哦,无意义
五,无意义
亲,无意义
亲哦,无意义
亲在吗,无意义
人不在,无意义
人不在吗,无意义
人呢啊,无意义
人呢在吗,无意义
人嗯,无意义
人在,无意义
人在不,无意义
人在不在,无意义
人在吗,无意义
人在那,无意义
人好,无意义
付好了哦,无意义
会多不好,无意义
会有的是吗,无意义
但好的,无意义
但我,无意义
但是好的,无意义
低哦,无意义
你,无意义
你.好,无意义
你1好,无意义
你8你好,无意义
你8好,无意义
你:好,无意义
你i好,无意义
你l好,无意义
你不好,无意义
你不实在,无意义
你不懂哦,无意义
你也好,无意义
你也是哦,无意义
你了,无意义
你们啊,无意义
你们在吗,无意义
你们好,无意义
你们好的,无意义
你会你好,无意义
你你你好,无意义
你你好,无意义
你你好你,无意义
你你好你好,无意义
你你好你好你,无意义
你你好你好你好,无意义
你你好在吗,无意义
你侬,无意义
你先在不,无意义
你又不在,无意义
你发好了,无意义
你可好,无意义
你号在吗,无意义
你号好,无意义
你呢好,无意义
你哈,无意义
你哈o,无意义
你哈哈哦,无意义
你哈哦,无意义
你哈奥,无意义
你哈好,无意义
你哦,无意义
你哦好,无意义
你啊,无意义
你啊好,无意义
你嗯,无意义
你噢,无意义
你在,无意义
你在不,无意义
你在不在,无意义
你在么,无意义
你在会我吗,无意义
你在吗,无意义
你在回我吗,无意义
你在在吗,无意义
你在就好,无意义
你在查吗,无意义
你在说是吗,无意义
你在逗我吗,无意义
你在那里,无意义
你太好了,无意义
你奥,无意义
你奥奥,无意义
你好,无意义
你好亲,无意义
你好你,无意义
你好你好,无意义
你好哦,无意义
你好啊,无意义
你好在不,无意义
你好在么,无意义
你好在吗,无意义
你好在没,无意义
你好好,无意义
你好美女,无意义
你好麻烦问下,无意义
你妹,无意义
你妹哦,无意义
你安好,无意义
你帮嗯嗯,无意义
你店在那,无意义
你忙,无意义
你您好,无意义
你是好人,无意义
你是对呀,无意义
你最好了,无意义
你有在问吗,无意义
你查啊,无意义
你查好了吗,无意义
你现在在吗,无意义
你白,无意义
你的啊,无意义
你的好贵,无意义
你看,无意义
你看哦,无意义
你看好的,无意义
你看看额好的,无意义
你真好,无意义
你真好啊,无意义
你笑啊,无意义
你算好了吗,无意义
你给好好,无意义
你话好多,无意义
你说哦,无意义
你说的哦,无意义
你还你好,无意义
你还在吗,无意义
你还在那,无意义
你还好,无意义
你还好吗,无意义
你还还在吗,无意义
你这到好,无意义
你这在吗,无意义
你这好贵,无意义
你那个好,无意义
你那好了,无意义
你问好了吗,无意义
侬好,无意义
信你哦,无意义
偶,无意义
偶偶,无意义
偶偶好的,无意义
偶的,无意义
像o,无意义
像我,无意义
全了啊,无意义
全额,无意义
关了啊,无意义
内在,无意义
内好啊,无意义
再,无意义
再不在,无意义
再不在吧,无意义
再吗你好,无意义
再哦,无意义
再在吗,无意义
再好,无意义
再好的,无意义
写,无意义
写了,无意义
写写,无意义
写好了的啊,无意义
写有啊,无意义
写的是有的,无意义
减好多,无意义
几你好,无意义
几好,无意义
刚,无意义
刚不在,无意义
刚刚,无意义
刚好,无意义
别亲,无意义
别哦哦了,无意义
别嗯,无意义
别在不是,无意义
别在那,无意义
别恩恩,无意义
到了哦,无意义
加了的哦,无意义
加好了,无意义
加我,无意义
卖的不好吗,无意义
卖的好了,无意义
卖的好吗,无意义
卡在那,无意义
去,无意义
去你吗的,无意义
去你妈,无意义
去你妈的,无意义
去你妈逼,无意义
去你的,无意义
又不在了吗,无意义
又不在啊,无意义
又好,无意义
又好了,无意义
发o,无意义
发了哦,无意义
发好的,无意义
发我,无意义
只噢,无意义
只在,无意义
只是在,无意义
可不好,无意义
可在,无意义
可我,无意义
可有,无意义
号,无意义
号的,无意义
吆,无意义
吗,无意义
吗哦,无意义
吗在,无意义
吗好的,无意义
吧,无意义
听好,无意义
呀,无意义
呃,无意义
呃呃,无意义
呃呃呃,无意义
呃哦,无意义
呜呜,无意义
呜呜呜,无意义
呜呜呜呜,无意义
呢,无意义
呢哦,无意义
呢嗯,无意义
呢在发,无意义
呢您好,无意义
呵呵,无意义
呵呵了,无意义
呵呵你好,无意义
呵呵是吗,无意义
咋不在,无意义
咋啊在吗,无意义
咋滴啊,无意义
和o,无意义
咯,无意义
咯哦,无意义
品在吗,无意义
哇,无意义
哇哇,无意义
哇哦,无意义
哇啊,无意义
哇喔,无意义
哈,无意义
哈o,无意义
哈了,无意义
哈呀,无意义
哈哈,无意义
哈哈你了,无意义
哈哈哈,无意义
哈哈哎,无意义
哈喽,无意义
哈喽美女,无意义
哈我,无意义
哈有,无意义
哈的,无意义
哎,无意义
哎‘’,无意义
哎呀,无意义
哎呀呀,无意义
哎呀呀哎呀呀,无意义
哎啊,无意义
哟,无意义
哟哟,无意义
哦,无意义
哦-,无意义
哦.,无意义
哦0,无意义
哦1,无意义
哦666,无意义
哦88,无意义
哦:,无意义
哦\,无意义
哦k,无意义
哦m,无意义
哦o,无意义
哦ok,无意义
哦w,无意义
哦y,无意义
哦‘,无意义
哦‘’,无意义
哦‘丨,无意义
哦一,无意义
哦不,无意义
哦不不,无意义
哦不懂,无意义
哦不是,无意义
哦不是的,无意义
哦不调,无意义
哦了,无意义
哦付不了,无意义
哦你,无意义
哦你了,无意义
哦你好,无意义
哦你好吧,无意义
哦你美,无意义
哦去,无意义
哦可,无意义
哦号吧,无意义
哦号的,无意义
哦吗,无意义
哦呜,无意义
哦呢,无意义
哦呦,无意义
哦呵呵,无意义
哦咯,无意义
哦哈,无意义
哦哒哒,无意义
哦哟,无意义
哦哦,无意义
哦哦.,无意义
哦哦0,无意义
哦哦1,无意义
哦哦6,无意义
哦哦o,无意义
哦哦ok,无意义
哦哦x,无意义
哦哦‘,无意义
哦哦‘’,无意义
哦哦不减啦,无意义
哦哦可,无意义
哦哦号,无意义
哦哦号的,无意义
哦哦呢,无意义
哦哦哈哈哈,无意义
哦哦哦,无意义
哦哦哦4,无意义
哦哦哦o,无意义
哦哦哦哦,无意义
哦哦哦噢噢,无意义
哦哦哦噢噢噢,无意义
哦哦噢噢,无意义
哦哦多谢,无意义
哦哦好吧,无意义
哦哦好吧好吧,无意义
哦哦好呢,无意义
哦哦好弄吗,无意义
哦哦好想是的,无意义
哦哦就,无意义
哦哦我是吧,无意义
哦哦的,无意义
哦哦的好的,无意义
哦哦那,无意义
哦啊,无意义
哦啥哦,无意义
哦啦,无意义
哦啦啦,无意义
哦喔,无意义
哦嗯,无意义
哦嘛,无意义
哦噢,无意义
哦在,无意义
哦在不在,无意义
哦外行了,无意义
哦多大的,无意义
哦天啊,无意义
哦奥,无意义
哦好了,无意义
哦好哈,无意义
哦好啦,无意义
哦好的小的,无意义
哦好饿,无意义
哦对不起,无意义
哦您好,无意义
哦我,无意义
哦我找找,无意义
哦我满不了,无意义
哦我的,无意义
哦我试,无意义
哦拜拜,无意义
哦明的,无意义
哦是么,无意义
哦是了,无意义
哦是吗,无意义
哦是吧,无意义
哦是哦,无意义
哦是啊,无意义
哦是多少,无意义
哦晕,无意义
哦有,无意义
哦有了,无意义
哦有吗,无意义
哦有这种,无意义
哦的,无意义
哦看看,无意义
哦看看哦,无意义
哦试试,无意义
哦说,无意义
哦谢,无意义
哦谢啊,无意义
哦豁,无意义
哦豁豁,无意义
哦贵了,无意义
哦还好,无意义
哦这么好啊,无意义
哦这好的,无意义
哦这样啊好的,无意义
哦这样啦,无意义
哦这样的,无意义
哦这款好吗,无意义
哦那也好,无意义
哦那够了,无意义
哦那好,无意义
哦那好吗,无意义
哦那好吧,无意义
哦那还不行啊,无意义
哦那还好,无意义
哦那问那啊,无意义
哦配,无意义
哦错了,无意义
哦额,无意义
唉,无意义
唔,无意义
唔唔,无意义
啊,无意义
啊不懂,无意义
啊呀,无意义
啊哦,无意义
啊啊啊,无意义
啊啊啊啊,无意义
啊噢,无意义
啊还好,无意义
啊这样,无意义
啊那好,无意义
啥,无意义
啥好,无意义
啦,无意义
啧啧啧,无意义
喂,无意义
喂你好,无意义
喂在吗,无意义
喔,无意义
喔哦,无意义
喔喔,无意义
喔喔哦,无意义
喔喔哦哦,无意义
喔喔喔,无意义
喔喔喔喔哦,无意义
喔噢,无意义
嗨,无意义
嗨你好,无意义
嗨在不,无意义
嗨美女,无意义
嗯个,无意义
嗯么,无意义
嗯你好,无意义
嗯你好在吗,无意义
嗯关了吧,无意义
嗯加了,无意义
嗯去好的,无意义
嗯发了,无意义
嗯发吧,无意义
嗯号,无意义
嗯吧,无意义
嗯呀,无意义
嗯呗,无意义
嗯呢啦,无意义
嗯咯,无意义
嗯哈,无意义
嗯哈的,无意义
嗯哦,无意义
嗯哦哦,无意义
嗯哪的,无意义
嗯啥,无意义
嗯嗯哈,无意义
嗯嗯哦,无意义
嗯嗯啥,无意义
嗯嗯的,无意义
嗯嘛,无意义
嗯噢,无意义
嗯好的事,无意义
嗯好的人,无意义
嗯就,无意义
嗯就是,无意义
嗯就是这,无意义
嗯差不多,无意义
嗯忙吧,无意义
嗯恩德,无意义
嗯算了,无意义
嗯算了吧,无意义
嗯那算了,无意义
嗯那还好,无意义
嗯高,无意义
嗯高的,无意义
嗷,无意义
嗷嗷,无意义
嗷嗷嗷,无意义
嗷那行,无意义
嘛哦,无意义
嘞好,无意义
嘻嘻,无意义
嘻嘻嘻,无意义
嘿,无意义
嘿你好,无意义
嘿嘿,无意义
噢,无意义
噢.,无意义
噢:,无意义
噢o,无意义
噢不懂,无意义
噢了,无意义
噢了解,无意义
噢去,无意义
噢呢,无意义
噢哟,无意义
噢哦,无意义
噢哦哦,无意义
噢啦,无意义
噢喔,无意义
噢噢,无意义
噢噢哦,无意义
噢噢噢,无意义
噢噢噢了,无意义
噢噢噢哦哦,无意义
噢噢噢哦哦哦哦,无意义
噢噢噢噢,无意义
噢噢噢噢噢,无意义
噢多大,无意义
噢好了,无意义
噢家,无意义
噢懂了,无意义
噢是,无意义
噢是吗,无意义
噢有,无意义
噢看了,无意义
噢这样,无意义
回我,无意义
在,无意义
在.,无意义
在1,无意义
在4,无意义
在:,无意义
在@,无意义
在b,无意义
在i吗,无意义
在m,无意义
在o,无意义
在ok,无意义
在o吗,无意义
在v,无意义
在z,无意义
在‘,无意义
在一,无意义
在下,无意义
在不,无意义
在不0,无意义
在不1,无意义
在不2,无意义
在不’,无意义
在不下,无意义
在不买,无意义
在不了,无意义
在不再,无意义
在不到,无意义
在不呀,无意义
在不呢,无意义
在不咋,无意义
在不咯,无意义
在不哟,无意义
在不哦,无意义
在不啊,无意义
在不啥,无意义
在不啦,无意义
在不在,无意义
在不在2,无意义
在不在不,无意义
在不在不在,无意义
在不在了,无意义
在不在呀,无意义
在不在呢,无意义
在不在咯,无意义
在不在哈,无意义
在不在哟,无意义
在不在哦,无意义
在不在啊,无意义
在不在在不在,无意义
在不在撒,无意义
在不在的,无意义
在不在起,无意义
在不少吗,无意义
在不我要,无意义
在不撒,无意义
在不是,无意义
在不阿,无意义
在么,无意义
在么‘’,无意义
在么啊,无意义
在么在,无意义
在么在么,无意义
在么有,无意义
在么美女,无意义
在买,无意义
在买吗,无意义
在了,无意义
在了o,无意义
在了不,无意义
在了么,无意义
在了吗,无意义
在付,无意义
在付吗,无意义
在你,无意义
在你们这,无意义
在你吗,无意义
在你好,无意义
在你妹,无意义
在你早,无意义
在你这,无意义
在你这买,无意义
在你这里,无意义
在使好,无意义
在做,无意义
在内,无意义
在写,无意义
在卖的,无意义
在发,无意义
在发吧,无意义
在吆,无意义
在吗,无意义
在吗.,无意义
在吗0,无意义
在吗\,无意义
在吗a,无意义
在吗b,无意义
在吗h,无意义
在吗m,无意义
在吗z,无意义
在吗‘,无意义
在吗‘’,无意义
在吗’,无意义
在吗亲,无意义
在吗亲.,无意义
在吗亲在吗,无意义
在吗你,无意义
在吗你们,无意义
在吗你好,无意义
在吗吗,无意义
在吗呐,无意义
在吗呢,无意义
在吗品,无意义
在吗哦啊,无意义
在吗啊,无意义
在吗在,无意义
在吗在吗,无意义
在吗在吗在,无意义
在吗在吗在吗,无意义
在吗在吗在吗在,无意义
在吗在哪,无意义
在吗定,无意义
在吗您,无意义
在吗您好,无意义
在吗没,无意义
在吗现在,无意义
在吗秦,无意义
在吗笨,无意义
在吗美女,无意义
在吗还,无意义
在吗里,无意义
在吗阿,无意义
在吧,无意义
在吧.,无意义
在吧吗,无意义
在吧在,无意义
在呀,无意义
在呐,无意义
在呗,无意义
在呢,无意义
在呢么,无意义
在呢卖,无意义
在呢吗,无意义
在呢吧,无意义
在呢嘛,无意义
在呢看,无意义
在呵,无意义
在哇,无意义
在哇啦,无意义
在哈,无意义
在哦,无意义
在哦l,无意义
在哦了,无意义
在哦啊,无意义
在哪,无意义
在哪吗,无意义
在哪哦,无意义
在啊,无意义
在啊a,无意义
在啊么,无意义
在啊吗,无意义
在啥在,无意义
在啦,无意义
在嘛,无意义
在嘞,无意义
在在,无意义
在在不,无意义
在在吗,无意义
在在吗在吗在吗在吗,无意义
在在啊,无意义
在在在,无意义
在在没,无意义
在填,无意义
在外,无意义
在多少,无意义
在大呢,无意义
在好,无意义
在好不,无意义
在好的,无意义
在妈,无意义
在家,无意义
在家吗,无意义
在家的,无意义
在对比,无意义
在建,无意义
在弄,无意义
在忙,无意义
在忙了,无意义
在忙吗,无意义
在忙吧,无意义
在想,无意义
在我,无意义
在我家,无意义
在我这呢,无意义
在打,无意义
在找找,无意义
在拉,无意义
在拍,无意义
在拍吗,无意义
在换,无意义
在换吗,无意义
在查吗,无意义
在比,无意义
在没,无意义
在没了,无意义
在没了吗,无意义
在没在吗,无意义
在没有了吗,无意义
在没有吗,无意义
在没那,无意义
在滴吗,无意义
在白,无意义
在的,无意义
在的不,无意义
在的么,无意义
在的了,无意义
在的吗,无意义
在的呀,无意义
在的呢么,无意义
在的哈,无意义
在的哦,无意义
在的噢,无意义
在的好的,无意义
在看,无意义
在看吗,无意义
在看的,无意义
在看看哦,无意义
在等,无意义
在等你,无意义
在等吧,无意义
在等呢,无意义
在线,无意义
在线不,无意义
在线了吗,无意义
在线吗,无意义
在线吧,无意义
在线的,无意义
在线的哦,无意义
在聊,无意义
在装,无意义
在装吗,无意义
在装呢,无意义
在见,无意义
在见呢,无意义
在试,无意义
在试试,无意义
在说,无意义
在调,无意义
在贵了,无意义
在还吗,无意义
在这买的,无意义
在这呢,无意义
在这有吗,无意义
在这里,无意义
在这里吗,无意义
在退了,无意义
在选,无意义
在那,无意义
在那下,无意义
在那买,无意义
在那买呢,无意义
在那分,无意义
在那卖的,无意义
在那发,无意义
在那呀,无意义
在那呢,无意义
在那啊,无意义
在那填,无意义
在那好评,无意义
在那找,无意义
在那抢,无意义
在那拍,无意义
在那改,无意义
在那晒啊,无意义
在那查,无意义
在那点,无意义
在那点呢,无意义
在那的呢,无意义
在那看,无意义
在那看呢,无意义
在那看啊,无意义
在那看的,无意义
在那调呢,无意义
在那选,无意义
在那里,无意义
在那里呢,无意义
在那里啊,无意义
在那问,无意义
在那领,无意义
在都,无意义
在量,无意义
在问,无意义
在阿,无意义
在麻,无意义
坑,无意义
坑哦,无意义
坑我,无意义
坑我啊,无意义
外哦,无意义
多,无意义
多不好,无意义
多久好,无意义
多呀,无意义
多啊,无意义
多在,无意义
多大哦,无意义
多大的好呢,无意义
多大的行,无意义
多好,无意义
多好听,无意义
多好呐,无意义
多宽啊,无意义
多少,无意义
多少哦,无意义
多点了,无意义
多谢了哦,无意义
多重啊,无意义
多钱,无意义
多钱哦,无意义
大了好多,无意义
大哦,无意义
大大,无意义
大大你好,无意义
天哦,无意义
天行好吗,无意义
天行的哦,无意义
太好,无意义
太好了,无意义
奥,无意义
奥吧,无意义
奥哈哈,无意义
奥哦,无意义
奥哦啊,无意义
奥啊,无意义
奥奥,无意义
奥奥奥奥,无意义
奥谢,无意义
好下吧,无意义
好不,无意义
好不好抢的,无意义
好个,无意义
好久,无意义
好久啊,无意义
好久的,无意义
好么,无意义
好也行,无意义
好了哦,无意义
好亏,无意义
好些,无意义
好亲,无意义
好人,无意义
好们,无意义
好似是,无意义
好似的,无意义
好但我,无意义
好低,无意义
好低啊,无意义
好你,无意义
好你好,无意义
好你妈,无意义
好你妈的,无意义
好你试试,无意义
好使,无意义
好假,无意义
好假啊,无意义
好做,无意义
好像,无意义
好像吧,无意义
好到,无意义
好加吗,无意义
好勒,无意义
好发,无意义
好吖,无意义
好吗,无意义
好吧你忙,无意义
好吧关了,无意义
好吧的,无意义
好吧这些,无意义
好和,无意义
好咯,无意义
好咯吧,无意义
好咯哦哦,无意义
好咯的,无意义
好咯额,无意义
好哈哈哈哈哈哈,无意义
好哦,无意义
好哦了,无意义
好哦的,无意义
好啊吧,无意义
好啥,无意义
好啥啊,无意义
好嗨,无意义
好在,无意义
好在吗,无意义
好在那,无意义
好在那了,无意义
好在那呢,无意义
好在那里,无意义
好地,无意义
好坑,无意义
好坑哦,无意义
好多,无意义
好多w呢,无意义
好多下,无意义
好多个,无意义
好多也,无意义
好多了,无意义
好多事,无意义
好多人,无意义
好多减,无意义
好多呢,无意义
好多哟,无意义
好多哦,无意义
好多啊,无意义
好多嘛,无意义
好多坑,无意义
好多多,无意义
好多天了,无意义
好多天了呢,无意义
好多天了哦,无意义
好多好的了解了,无意义
好多少,无意义
好多少呢,无意义
好多款,无意义
好多款吗,无意义
好多的,无意义
好多谢,无意义
好多那,无意义
好多都是,无意义
好多钱,无意义
好多钱了,无意义
好多钱呢,无意义
好多钱啦,无意义
好多钱的,无意义
好多钱钱呢,无意义
好多额,无意义
好大,无意义
好大了,无意义
好大吧,无意义
好大啊,无意义
好大的,无意义
好女啊,无意义
好小,无意义
好小哦,无意义
好小的,无意义
好少,无意义
好尼,无意义
好差,无意义
好带,无意义
好得,无意义
好得哦,无意义
好德,无意义
好快,无意义
好急,无意义
好怪,无意义
好您嘞,无意义
好想,无意义
好想是,无意义
好慢,无意义
好慢啊,无意义
好慢的呢,无意义
好我,无意义
好我在,无意义
好我等你,无意义
好打,无意义
好抢吗,无意义
好抢吧,无意义
好换吗,无意义
好操,无意义
好改吗,无意义
好放,无意义
好方,无意义
好旧了,无意义
好旧啊,无意义
好旧的,无意义
好是,无意义
好是挺好的,无意义
好晕,无意义
好晕哦,无意义
好晕啊,无意义
好晚,无意义
好晚啊,无意义
好有,无意义
好来,无意义
好样的,无意义
好棒,无意义
好棒棒噢,无意义
好款哦,无意义
好气,无意义
好气哦,无意义
好没,无意义
好洗吗,无意义
好滴哦,无意义
好点,无意义
好点吧,无意义
好点的,无意义
好点的呢,无意义
好点的有吗,无意义
好烦,无意义
好烦哦,无意义
好热,无意义
好热哦,无意义
好热啊,无意义
好热的,无意义
好牛,无意义
好牛哦,无意义
好玩,无意义
好用,无意义
好用不,无意义
好用吧,无意义
好用是吧,无意义
好用的,无意义
好用的吗,无意义
好电,无意义
好电吧,无意义
好的了,无意义
好的了咧,无意义
好的了啊,无意义
好的人,无意义
好的你,无意义
好的你妹呢,无意义
好的你说吧,无意义
好的做,无意义
好的勒,无意义
好的吗,无意义
好的吧,无意义
好的和,无意义
好的哈哈,无意义
好的多,无意义
好的多少,无意义
好的太,无意义
好的妹妹,无意义
好的婷婷,无意义
好的家,无意义
好的就你了,无意义
好的尼,无意义
好的您,无意义
好的我这拍,无意义
好的款,无意义
好的没有,无意义
好的爱你,无意义
好的的,无意义
好的累,无意义
好的美的,无意义
好的蟹蟹,无意义
好的话,无意义
好的谢娜,无意义
好的这,无意义
好的这些,无意义
好的这样,无意义
好的这样了,无意义
好的这样啊,无意义
好看,无意义
好看吧,无意义
好看啊,无意义
好看的,无意义
好看的呢,无意义
好看看,无意义
好笑,无意义
好笑了,无意义
好笨,无意义
好等,无意义
好累,无意义
好约,无意义
好约吗,无意义
好装,无意义
好要的,无意义
好说,无意义
好调吗,无意义
好都,无意义
好里,无意义
好重,无意义
好问,无意义
好阿,无意义
好额,无意义
好额度,无意义
好饿,无意义
好饿额,无意义
好高,无意义
好麻烦,无意义
好麻烦你,无意义
妞好,无意义
妹妹,无意义
妹妹你好,无意义
妹的,无意义
姐,无意义
姐姐,无意义
姐姐你好,无意义
姐姐啊,无意义
娜娜,无意义
婷婷,无意义
孔是有的,无意义
存在不,无意义
宁宁,无意义
安好是吧,无意义
定的啊,无意义
定额,无意义
宝宝,无意义
宝宝在吗,无意义
实在,无意义
实在不行,无意义
家嗯嗯,无意义
宽,无意义
对,无意义
对‘’,无意义
对不,无意义
对不上,无意义
对不上啊,无意义
对不到,无意义
对不啊,无意义
对不懂,无意义
对不起,无意义
对不起了,无意义
对不起哦,无意义
对不起啊,无意义
对买不了,无意义
对了,无意义
对了不,无意义
对了美女,无意义
对了还有,无意义
对哦,无意义
对有,无意义
对的哦,无意义
对这不懂,无意义
小妹妹,无意义
小妹妹啊,无意义
小小,无意义
小美女,无意义
就,无意义
就你好在,无意义
就你这好,无意义
就嗯,无意义
就在,无意义
就好,无意义
就好了吗,无意义
就好了吧,无意义
就好啊,无意义
就好的,无意义
就是,无意义
就是不行哦,无意义
就是哦,无意义
就是对不,无意义
就是的哦,无意义
尼‘’,无意义
尼好,无意义
差,无意义
差不多,无意义
差不对,无意义
差在那了,无意义
差在那呢,无意义
差好多,无意义
差好多呢,无意义
差好多啊,无意义
差好多的,无意义
差差,无意义
已不在,无意义
已好,无意义
带不,无意义
带不啊,无意义
带嗯,无意义
带的啊,无意义
帮我,无意义
店在那,无意义
建了啊,无意义
弄好,无意义
弄好了吗,无意义
弄懂了,无意义
很好,无意义
很好吧,无意义
很好哦,无意义
很好啊,无意义
很好的,无意义
得好,无意义
忙哦,无意义
快哦,无意义
快快,无意义
怕,无意义
急了,无意义
急呢,无意义
急啊,无意义
急急,无意义
急急急急,无意义
怪,无意义
怪我,无意义
总,无意义
总额,无意义
恩人,无意义
恩似的,无意义
恩你好,无意义
恩和,无意义
恩地,无意义
恩好饿,无意义
恩德,无意义
恩德呢,无意义
恩恩额,无意义
恩我看看,无意义
恩我试试,无意义
您,无意义
您:好,无意义
您也好,无意义
您了,无意义
您哈,无意义
您哈o,无意义
您啊,无意义
您在,无意义
您在吗,无意义
您奥,无意义
您好,无意义
您好在吗,无意义
您好请问我,无意义
您是好,无意义
您看,无意义
您看好,无意义
您试好了吗,无意义
您还在吗,无意义
想,无意义
想多了,无意义
想想,无意义
感恩,无意义
感谢哦,无意义
慢哦,无意义
懂我,无意义
成,无意义
我,无意义
我9,无意义
我:,无意义
我m,无意义
我x,无意义
我z,无意义
我一,无意义
我下,无意义
我下好了,无意义
我不,无意义
我不会哦,无意义
我不在,无意义
我不在呀,无意义
我不在啊,无意义
我不在家,无意义
我不在那,无意义
我不对比,无意义
我不懂哦,无意义
我也不在,无意义
我买,无意义
我买了哦,无意义
我人在吗,无意义
我们,无意义
我会啊,无意义
我你好,无意义
我信,无意义
我假,无意义
我做,无意义
我先,无意义
我分,无意义
我加,无意义
我去,无意义
我去你,无意义
我去你妈了个逼,无意义
我去你妈逼,无意义
我去你的,无意义
我去哦,无意义
我去啊,无意义
我发,无意义
我只有恩,无意义
我吗,无意义
我呢,无意义
我哦,无意义
我喔,无意义
我嗯,无意义
我噶,无意义
我在,无意义
我在下,无意义
我在么,无意义
我在了,无意义
我在吗,无意义
我在家,无意义
我在懂哦,无意义
我在拍,无意义
我在给,无意义
我在那看,无意义
我多,无意义
我天,无意义
我好,无意义
我好买,无意义
我好了,无意义
我好嗯,无意义
我好在买,无意义
我好找,无意义
我好爱你,无意义
我好爱你的,无意义
我好的,无意义
我妈,无意义
我妈在,无意义
我妞,无意义
我妞在,无意义
我定,无意义
我家,无意义
我家在,无意义
我已,无意义
我很,无意义
我忙,无意义
我怕,无意义
我急,无意义
我恩,无意义
我想,无意义
我想想哦,无意义
我想问一下,无意义
我想问下,无意义
我懂,无意义
我懂啊,无意义
我我,无意义
我打,无意义
我找,无意义
我把,无意义
我拍,无意义
我换,无意义
我插,无意义
我操,无意义
我是,无意义
我是呀,无意义
我是哦哦,无意义
我晕,无意义
我晕了,无意义
我晕呢,无意义
我晕哦,无意义
我晕啊,无意义
我有,无意义
我有人在吗,无意义
我服,无意义
我木,无意义
我汗,无意义
我没啊,无意义
我滴,无意义
我热,无意义
我熘熘,无意义
我用,无意义
我用啊,无意义
我的,无意义
我的不刚好,无意义
我的不好使,无意义
我的好大啊,无意义
我的额度,无意义
我看,无意义
我看哦,无意义
我看啊,无意义
我看是有的,无意义
我看看,无意义
我知,无意义
我等,无意义
我等你哦,无意义
我累,无意义
我给,无意义
我老,无意义
我能,无意义
我要,无意义
我要好的,无意义
我要是嗯,无意义
我试,无意义
我试试,无意义
我说,无意义
我说呢,无意义
我说啊,无意义
我说在吗,无意义
我还,无意义
我这,无意义
我这个嗯,无意义
我这好了吗,无意义
我退,无意义
我选,无意义
我选好了的,无意义
我选好的,无意义
我造,无意义
我都,无意义
我量,无意义
我问,无意义
我问一下,无意义
我问下,无意义
我问啊,无意义
我问问,无意义
我领,无意义
所在,无意义
打你哦,无意义
打好了的,无意义
打好的,无意义
托额,无意义
找了啊,无意义
找你啊,无意义
把我,无意义
拍,无意义
拜,无意义
拜托,无意义
拜托了,无意义
拜拜,无意义
拜拜哈,无意义
拜拜美女,无意义
挂在,无意义
挂的啊,无意义
挂的好,无意义
挺好,无意义
挺好啊,无意义
挺好的,无意义
挺好的啊,无意义
换,无意义
换在不,无意义
换好了吗,无意义
提额,无意义
插不了哦,无意义
插好的啊,无意义
搞好,无意义
搞好了吗,无意义
搞好的,无意义
摁,无意义
摁摁,无意义
操,无意义
收好多,无意义
收好多呢,无意义
改不了哦,无意义
改不好,无意义
改好了吗,无意义
改好了吧,无意义
放,无意义
放在,无意义
教我,无意义
教教啊,无意义
方,无意义
方的好吗,无意义
早,无意义
早上好,无意义
早吗在吗,无意义
早好了,无意义
昂,无意义
昂昂,无意义
明哦,无意义
明好,无意义
是不大的好,无意义
是不是呀,无意义
是不是在,无意义
是不是好的,无意义
是丽,无意义
是么,无意义
是买好了吗,无意义
是你啊,无意义
是吗,无意义
是吗啊,无意义
是吧,无意义
是哦,无意义
是啥啊,无意义
是噢,无意义
是在不在,无意义
是在吗,无意义
是在哪,无意义
是在查吗,无意义
是在等,无意义
是在线吗,无意义
是在这几吗,无意义
是在这里吗,无意义
是好多,无意义
是就行,无意义
是我,无意义
是所有的,无意义
是挺好的,无意义
是是,无意义
是是啊,无意义
是最好的吗,无意义
是有对吧,无意义
是有电的,无意义
是有的,无意义
是没哦,无意义
是没有的,无意义
是没有的吗,无意义
是滴,无意义
是滴啊,无意义
是现在,无意义
是现在吗,无意义
是的哦,无意义
是真的好吗,无意义
是这啊,无意义
是这对不,无意义
是这样了哦,无意义
是配有的,无意义
晕,无意义
晕了,无意义
晕了我,无意义
晕你,无意义
晕哦,无意义
晕啊,无意义
晕啦,无意义
晕噢,无意义
晕晕晕,无意义
晕晕的,无意义
晕的,无意义
晕的呢,无意义
晚上好,无意义
晚安了,无意义
晚安咯,无意义
晚安喽,无意义
更好,无意义
更好吗,无意义
更好是吧,无意义
最哦,无意义
最好,无意义
有,无意义
有不好的没,无意义
有不是的吗,无意义
有不的少哦,无意义
有了,无意义
有亲在吗,无意义
有人哦,无意义
有人在不,无意义
有人在吗,无意义
有人在那吗,无意义
有你好,无意义
有写啊,无意义
有吗,无意义
有哇,无意义
有哈,无意义
有哦,无意义
有啥啊,无意义
有在,无意义
有在不,无意义
有在么,无意义
有在吗,无意义
有在呀,无意义
有在小的吗,无意义
有在的吗,无意义
有在看吗,无意义
有在线吗,无意义
有多不好,无意义
有多好,无意义
有多好店呢,无意义
有多少哦,无意义
有好,无意义
有好多,无意义
有好多种,无意义
有好的吗,无意义
有好的没,无意义
有孔哦,无意义
有孔的是,无意义
有对么,无意义
有对吗,无意义
有对比吗,无意义
有就好,无意义
有有,无意义
有没哦,无意义
有没在,无意义
有没有哦,无意义
有没有的哦,无意义
有点不对哦,无意义
有热的是吧,无意义
有白,无意义
有的,无意义
有的是,无意义
有的是2,无意义
有的是送的,无意义
服了啊,无意义
木木,无意义
来了啊,无意义
来在吗,无意义
查不好,无意义
查好了吗,无意义
棒,无意义
棒哦,无意义
棒棒,无意义
棒棒哦,无意义
楼好的,无意义
欧,无意义
欧欧,无意义
款,无意义
正在,无意义
正在吗,无意义
正好,无意义
正好了吧,无意义
比好,无意义
比我,无意义
气我,无意义
汗,无意义
没,无意义
没了,无意义
没哦,无意义
没嗯,无意义
没在,无意义
没在了,无意义
没在了吗,无意义
没在吗,无意义
没在啊,无意义
没好啊,无意义
没好的,无意义
没我,无意义
没我在,无意义
没我在哦,无意义
没有,无意义
没有噢,无意义
没有在吗,无意义
没有好的,无意义
没有对吧,无意义
没有的是吗,无意义
没有的是吧,无意义
洗洗,无意义
满了哦,无意义
满好多,无意义
满好多呢,无意义
满满的哦,无意义
满额,无意义
滴,无意义
滴滴,无意义
灯灯,无意义
点,无意义
点不了哦,无意义
点哦,无意义
热,无意义
熘了,无意义
熘了熘了,无意义
熬,无意义
熬那好的,无意义
爱你哦,无意义
爱我,无意义
牛哦,无意义
牛好,无意义
牛牛牛牛牛,无意义
玩我,无意义
玩我啊,无意义
现你好,无意义
现在,无意义
现在不,无意义
现在不在,无意义
现在不是,无意义
现在不是吗,无意义
现在不行,无意义
现在不行吗,无意义
现在吗,无意义
现在哦,无意义
现在是吗,无意义
现在有了吗,无意义
现在有吗,无意义
现在的吗,无意义
现在行不,无意义
现在行吗,无意义
用,无意义
用不了哦,无意义
用了啊,无意义
用哦,无意义
用嗯嗯,无意义
用在,无意义
用好多,无意义
电嗯,无意义
电是有的,无意义
白吗,无意义
白白,无意义
白的,无意义
的,无意义
的‘’,无意义
的你好,无意义
的呢,无意义
的哦,无意义
的嗯,无意义
的多谢,无意义
的好,无意义
的好点吗,无意义
的好的,无意义
的好装吗,无意义
的是有货吗,无意义
的最好吗,无意义
的谢谢,无意义
看,无意义
看了,无意义
看了好多,无意义
看吧,无意义
看呢,无意义
看啊,无意义
看啦,无意义
看好了,无意义
看好了吗,无意义
看好了的,无意义
看好你,无意义
看好啊,无意义
看好的,无意义
看的,无意义
看的啊,无意义
看的好吗,无意义
看看,无意义
看看哦,无意义
看看啊,无意义
看看好的,无意义
看看对不,无意义
真哦,无意义
真好,无意义
真的哦,无意义
真行啊,无意义
知了,无意义
知道了,无意义
秦,无意义
笑我,无意义
笨笨,无意义
等,无意义
等不了哦,无意义
等你哦,无意义
等你噢,无意义
等我,无意义
等等,无意义
等等吧,无意义
等等哦,无意义
等等等,无意义
等等等等等等等等等等等等,无意义
算好了,无意义
算好了吗,无意义
算好了吧,无意义
算好的吗,无意义
算好的对吧,无意义
累好,无意义
约好,无意义
约好了吗,无意义
给了哦,无意义
给我,无意义
给我啊,无意义
美女,无意义
美女啊,无意义
美女在吗,无意义
美女好,无意义
美的哦,无意义
美的在不,无意义
美的好吗,无意义
美美女,无意义
老是您好的,无意义
聊聊,无意义
能哦,无意义
能好,无意义
能对不,无意义
蒽蒽好的吗,无意义
蛮好,无意义
蟹蟹,无意义
蟹蟹哦,无意义
行吗,无意义
行哦,无意义
行楼,无意义
行白,无意义
袄,无意义
袄好的,无意义
袄袄,无意义
袄那好的,无意义
装在,无意义
装好,无意义
装好了,无意义
装好吗,无意义
装好啦,无意义
装好的,无意义
装好的吧,无意义
要,无意义
要不嗯,无意义
要了啊,无意义
要哦,无意义
要在哦,无意义
要好,无意义
要好吗,无意义
要好的,无意义
要好的啊,无意义
订,无意义
评了啊,无意义
评好了,无意义
试了,无意义
试试,无意义
试试啊好的,无意义
说,无意义
说不对,无意义
说好,无意义
说好的,无意义
说好的呢,无意义
说好的啊,无意义
说我不对,无意义
说是不对,无意义
说的不对,无意义
说的好,无意义
诶,无意义
请,无意义
请好的,无意义
请我,无意义
请问在吗,无意义
谁嗯,无意义
谁在,无意义
谁好,无意义
谁是啊,无意义
谁的好,无意义
调不好,无意义
调好了吗,无意义
调好的,无意义
谢了谢,无意义
谢亏,无意义
谢你d,无意义
谢哦,无意义
谢想,无意义
谢拉,无意义
谢放,无意义
货在,无意义
贵,无意义
贵了哦,无意义
贵哦,无意义
贵在那,无意义
贵的哦,无意义
贵的有是吧,无意义
起,无意义
还不在,无意义
还哦,无意义
还在,无意义
还在不,无意义
还在不呢,无意义
还在不啊,无意义
还在不在,无意义
还在吗,无意义
还在的吗,无意义
还在那,无意义
还好好的,无意义
还是你好,无意义
还是哦,无意义
还是嗯,无意义
还是好吧,无意义
还是好的,无意义
还是好的多,无意义
还是我哦,无意义
还有,无意义
还有哦,无意义
还有好多,无意义
还有好多呢,无意义
还有好的,无意义
还有好的吗,无意义
还有好行,无意义
还行,无意义
还行啊,无意义
这,无意义
这下好了,无意义
这不好买,无意义
这不好吧,无意义
这不对了,无意义
这不是呀,无意义
这个,无意义
这个哦,无意义
这个嗯,无意义
这个嗯嗯,无意义
这个噢,无意义
这个在,无意义
这个在吗,无意义
这个好,无意义
这个好多,无意义
这个对不,无意义
这个是有的,无意义
这个那在吗,无意义
这么好的,无意义
这么好的吗,无意义
这你好,无意义
这哦,无意义
这在吗,无意义
这多不好,无意义
这好,无意义
这好吗,无意义
这就好,无意义
这是啊,无意义
这是对的哦,无意义
这是所有的,无意义
这是晕,无意义
这是有的,无意义
这是有的吗,无意义
这是有的吧,无意义
这样,无意义
这样哦,无意义
这样噢,无意义
这样对不,无意义
这样的哦,无意义
这款哦,无意义
这款哦呢,无意义
这款哦哦,无意义
这款噢,无意义
这款在吗,无意义
这款是有的,无意义
这种哦,无意义
这种啊,无意义
这种的哦,无意义
这这,无意义
这都不在,无意义
退了啊,无意义
退好了吧,无意义
送‘’,无意义
送嗯嗯,无意义
送我,无意义
送的有是吧,无意义
选好,无意义
选选,无意义
逗我,无意义
逗我啊,无意义
通,无意义
通了啊,无意义
造,无意义
那,无意义
那o了,无意义
那不好吧,无意义
那不好抢吧,无意义
那个你好,无意义
那个好,无意义
那个是有的,无意义
那中啊,无意义
那么好的,无意义
那你在吗,无意义
那你帮哦,无意义
那几好,无意义
那哦哦,无意义
那在哪,无意义
那在等,无意义
那在那,无意义
那多不好,无意义
那多不好看,无意义
那好嘛,无意义
那好在吗,无意义
那存在,无意义
那就好了吗,无意义
那就是有的,无意义
那就行,无意义
那差不多,无意义
那差好多,无意义
那想问一下,无意义
那想问下,无意义
那我,无意义
那我哦,无意义
那我好的,无意义
那我现在,无意义
那是,无意义
那有哦,无意义
那样好吧,无意义
那现在,无意义
那现在呢,无意义
那现在好多,无意义
那现在是,无意义
那看,无意义
那真好,无意义
那算,无意义
那贵哦,无意义
那贵啊,无意义
都,无意义
都不在,无意义
都哦,无意义
都好,无意义
都好好的,无意义
都额,无意义
配的有是吧,无意义
重的好吗,无意义
量量,无意义
金金,无意义
金额,无意义
锅锅锅,无意义
错哦,无意义
问一下,无意义
问你哦,无意义
问好了吗,无意义
问我,无意义
问问吧,无意义
阿,无意义
鞋,无意义
领,无意义
领好,无意义
领的啊,无意义
额,无意义
额.,无意义
额1,无意义
额e,无意义
额n,无意义
额ok,无意义
额了,无意义
额哦,无意义
额外,无意义
额定,无意义
额度,无意义
额恩,无意义
额是,无意义
额是的,无意义
额的,无意义
额逗我呢,无意义
额造,无意义
额额,无意义
额额‘’,无意义
饿,无意义
饿哦,无意义
高,无意义
鬼,无意义
鬼哦,无意义
鬼好多啊,无意义
麻烦,无意义
麻烦‘’,无意义
麻烦你,无意义
麻烦您,无意义
麻烦麻烦,无意义
下好了哦,有意义，不属于上面任何一项
不好买,有意义，不属于上面任何一项
不是在卖吗,有意义，不属于上面任何一项
不是有的吗,有意义，不属于上面任何一项
不是有的嘛,有意义，不属于上面任何一项
不是的哦,有意义，不属于上面任何一项
不要了好吧,有意义，不属于上面任何一项
也是有的吗,有意义，不属于上面任何一项
也是有的吧,有意义，不属于上面任何一项
买,有意义，不属于上面任何一项
买买买,有意义，不属于上面任何一项
买了,有意义，不属于上面任何一项
买了哦,有意义，不属于上面任何一项
买吧,有意义，不属于上面任何一项
买好了,有意义，不属于上面任何一项
买好了吗,有意义，不属于上面任何一项
买好了啊,有意义，不属于上面任何一项
买好了是吧,有意义，不属于上面任何一项
买好啦,有意义，不属于上面任何一项
买好的,有意义，不属于上面任何一项
付了哦,有意义，不属于上面任何一项
你看对不,有意义，不属于上面任何一项
哦哦不急,有意义，不属于上面任何一项
哦哦好我试试,有意义，不属于上面任何一项
哦好贵,有意义，不属于上面任何一项
哦这样,有意义，不属于上面任何一项
哦这样呢,有意义，不属于上面任何一项
哦这样啊,有意义，不属于上面任何一项
够不够哦,有意义，不属于上面任何一项
好不好抢哦,有意义，不属于上面任何一项
好不好用哦,有意义，不属于上面任何一项
好不得哦,有意义，不属于上面任何一项
好久哦,有意义，不属于上面任何一项
好买,有意义，不属于上面任何一项
好买了,有意义，不属于上面任何一项
好了吗,有意义，不属于上面任何一项
好了吗2,有意义，不属于上面任何一项
好了吧,有意义，不属于上面任何一项
好了呢,有意义，不属于上面任何一项
好了啊,有意义，不属于上面任何一项
好了好了,有意义，不属于上面任何一项
好了对吗,有意义，不属于上面任何一项
好了没,有意义，不属于上面任何一项
好了没呢,有意义，不属于上面任何一项
好了没啊,有意义，不属于上面任何一项
好了没好了没,有意义，不属于上面任何一项
好了没有,有意义，不属于上面任何一项
好了没有呢,有意义，不属于上面任何一项
好了的,有意义，不属于上面任何一项
好了美女,有意义，不属于上面任何一项
好了额,有意义，不属于上面任何一项
好假哦,有意义，不属于上面任何一项
好慢哦,有意义，不属于上面任何一项
好拜拜,有意义，不属于上面任何一项
好装的是吧,有意义，不属于上面任何一项
好要了,有意义，不属于上面任何一项
好评,有意义，不属于上面任何一项
好评了,有意义，不属于上面任何一项
好评了哦,有意义，不属于上面任何一项
好评了啊,有意义，不属于上面任何一项
好评呢,有意义，不属于上面任何一项
好评咯,有意义，不属于上面任何一项
好评哦,有意义，不属于上面任何一项
好评啊,有意义，不属于上面任何一项
好评在那,有意义，不属于上面任何一项
好评的,有意义，不属于上面任何一项
好评的啊,有意义，不属于上面任何一项
好货,有意义，不属于上面任何一项
好贵,有意义，不属于上面任何一项
好贵哦,有意义，不属于上面任何一项
好贵啊,有意义，不属于上面任何一项
好贵噢,有意义，不属于上面任何一项
好贵的,有意义，不属于上面任何一项
好贵的呢,有意义，不属于上面任何一项
好贵的啊,有意义，不属于上面任何一项
好贵额,有意义，不属于上面任何一项
好高哦,有意义，不属于上面任何一项
妹妹在吗,有意义，不属于上面任何一项
姐姐在吗,有意义，不属于上面任何一项
我买好了,有意义，不属于上面任何一项
我买好啦,有意义，不属于上面任何一项
我人不在,有意义，不属于上面任何一项
我拍好了的,有意义，不属于上面任何一项
我的好评,有意义，不属于上面任何一项
我的装好了,有意义，不属于上面任何一项
我看了好多,有意义，不属于上面任何一项
我看好了的,有意义，不属于上面任何一项
拍了哦,有意义，不属于上面任何一项
拍好了哦,有意义，不属于上面任何一项
拍好了的,有意义，不属于上面任何一项
是多大哦,有意义，不属于上面任何一项
是好大的,有意义，不属于上面任何一项
是好宽的,有意义，不属于上面任何一项
是好的,有意义，不属于上面任何一项
是好的吗,有意义，不属于上面任何一项
是就好,有意义，不属于上面任何一项
是有的吗,有意义，不属于上面任何一项
是有的吧,有意义，不属于上面任何一项
是有的哈,有意义，不属于上面任何一项
是有的是吗,有意义，不属于上面任何一项
是有的是吧,有意义，不属于上面任何一项
是有货的,有意义，不属于上面任何一项
是有送的吧,有意义，不属于上面任何一项
是这样的哦,有意义，不属于上面任何一项
是这款哦,有意义，不属于上面任何一项
最好是吧,有意义，不属于上面任何一项
最好的,有意义，不属于上面任何一项
最好的了,有意义，不属于上面任何一项
有的哦,有意义，不属于上面任何一项
有的对吗,有意义，不属于上面任何一项
有的对吧,有意义，不属于上面任何一项
有的就好,有意义，不属于上面任何一项
有的是吗,有意义，不属于上面任何一项
有的是吧,有意义，不属于上面任何一项
有货哦,有意义，不属于上面任何一项
有货对吗,有意义，不属于上面任何一项
有货对吧,有意义，不属于上面任何一项
有货的是吗,有意义，不属于上面任何一项
有货的是吧,有意义，不属于上面任何一项
有选啊,有意义，不属于上面任何一项
有配的是吗,有意义，不属于上面任何一项
木有哦,有意义，不属于上面任何一项
评了哦,有意义，不属于上面任何一项
评了的哦,有意义，不属于上面任何一项
贵了好多,有意义，不属于上面任何一项
贵了好多呢,有意义，不属于上面任何一项
贵了好多哦,有意义，不属于上面任何一项
贵了好多啊,有意义，不属于上面任何一项
贵好多,有意义，不属于上面任何一项
贵好多了,有意义，不属于上面任何一项
贵好多呢,有意义，不属于上面任何一项
贵好多哦,有意义，不属于上面任何一项
贵好多啊,有意义，不属于上面任何一项
贵的好,有意义，不属于上面任何一项
贵的好吗,有意义，不属于上面任何一项
还好,有意义，不属于上面任何一项
还好吧,有意义，不属于上面任何一项
还好是多好,有意义，不属于上面任何一项
还好的,有意义，不属于上面任何一项
这个好不好哦,有意义，不属于上面任何一项
这个好多了,有意义，不属于上面任何一项
这个好的,有意义，不属于上面任何一项
这个好的呢,有意义，不属于上面任何一项
这是好多w的,有意义，不属于上面任何一项
这是好多钱,有意义，不属于上面任何一项
这是好大的,有意义，不属于上面任何一项
这是最好的,有意义，不属于上面任何一项
这是订好的,有意义，不属于上面任何一项
这样好,有意义，不属于上面任何一项
这样好了吗,有意义，不属于上面任何一项
这样好吧,有意义，不属于上面任何一项
这样好的,有意义，不属于上面任何一项
这款嗯,有意义，不属于上面任何一项
这款好吧,有意义，不属于上面任何一项
这款好多,有意义，不属于上面任何一项
这种的好吗,有意义，不属于上面任何一项
这贵好多啊,有意义，不属于上面任何一项
选好了,有意义，不属于上面任何一项
选好了的,有意义，不属于上面任何一项
选好的,有意义，不属于上面任何一项
那个是好的,有意义，不属于上面任何一项
那在看看,有意义，不属于上面任何一项
那在等等,有意义，不属于上面任何一项
那好慢哦,有意义，不属于上面任何一项
那好贵哦,有意义，不属于上面任何一项
那就好,有意义，不属于上面任何一项
那就好哦,有意义，不属于上面任何一项
那就是有哦,有意义，不属于上面任何一项
那我买了哦,有意义，不属于上面任何一项
那我想问一下,有意义，不属于上面任何一项
那我想问下,有意义，不属于上面任何一项
那我我想问下,有意义，不属于上面任何一项
那我拍了哦,有意义，不属于上面任何一项
那我看看哦,有意义，不属于上面任何一项
那我退了哦,有意义，不属于上面任何一项
那挺好的,有意义，不属于上面任何一项
那是好多的,有意义，不属于上面任何一项
那是定好的,有意义，不属于上面任何一项
那是有的,有意义，不属于上面任何一项
那是有的吧,有意义，不属于上面任何一项
那晚安喽,有意义，不属于上面任何一项
那款是有的,有意义，不属于上面任何一项
那款的好,有意义，不属于上面任何一项
那种好的,有意义，不属于上面任何一项
那种的好,有意义，不属于上面任何一项
那种的好呢,有意义，不属于上面任何一项
那种的好啊,有意义，不属于上面任何一项
那贵了好多哦,有意义，不属于上面任何一项
那贵好多呢,有意义，不属于上面任何一项
那贵好多啊,有意义，不属于上面任何一项
那那款有哦,有意义，不属于上面任何一项
都有的是吗,有意义，不属于上面任何一项
都有的是吧,有意义，不属于上面任何一项
.嗯,赞成
.好的,赞成
.谢谢,赞成
0k谢谢,赞成
0嗯,赞成
0好的,赞成
16a哦谢谢,赞成
18谢谢,赞成
1嗯,赞成
1噢谢谢,赞成
1好,赞成
1好的,赞成
23谢谢,赞成
2嗯嗯,赞成
30谢谢,赞成
3嗯,赞成
5嗯嗯,赞成
6嗯嗯,赞成
6好的,赞成
88谢谢,赞成
9嗯,赞成
:嗯,赞成
:好,赞成
:好的,赞成
@好的,赞成
\好的,赞成
a好吧,赞成
d好,赞成
e嗯,赞成
haod谢谢,赞成
h好,赞成
h好吧,赞成
h好的,赞成
i好,赞成
i好吧,赞成
j好的,赞成
l好,赞成
l好的,赞成
l好谢谢,赞成
n好,赞成
n好啊,赞成
ok.谢谢,赞成
ok谢谢,赞成
ok谢谢了,赞成
ok谢谢你,赞成
ok谢谢啦,赞成
oo好的,赞成
oo好的谢谢,赞成
oo谢谢,赞成
oo谢谢了,赞成
o好,赞成
o好吧,赞成
o好的,赞成
o好的吧,赞成
o好的谢谢了,赞成
o对,赞成
o谢谢,赞成
o谢谢了,赞成
o谢谢你,赞成
o谢谢你了,赞成
o谢谢啊,赞成
o谢谢啦,赞成
o谢谢美女,赞成
s好,赞成
s是啊,赞成
u嗯,赞成
v好,赞成
wo好的谢谢,赞成
zo好的,赞成
‘好,赞成
‘好的,赞成
‘恩,赞成
‘谢谢,赞成
’好的谢谢,赞成
一下谢谢,赞成
一好的,赞成
一好的好,赞成
不用了谢谢哈,赞成
丨好的,赞成
丽丽谢谢,赞成
也对,赞成
也行,赞成
也谢谢你,赞成
也谢谢你哦,赞成
买了谢谢,赞成
了解,赞成
先谢谢,赞成
先谢谢你了哈,赞成
刚刚谢谢你哦,赞成
号的谢谢,赞成
号谢谢,赞成
呃呃呃谢谢,赞成
呃呃好,赞成
呃呃好吧,赞成
呃呃好的,赞成
呃好,赞成
呃好吧,赞成
呃好的,赞成
呃谢谢,赞成
呢好,赞成
呢好吧,赞成
呢好的,赞成
呵呵好吧,赞成
呵呵好的,赞成
呵呵好的谢谢,赞成
呵呵对的,赞成
呵呵是的,赞成
呵呵谢谢,赞成
呵谢谢,赞成
呵谢谢你,赞成
哈哈.谢谢,赞成
哈哈哈哈好吧谢谢了,赞成
哈哈哈哈好的,赞成
哈哈哈哈谢谢,赞成
哈哈哈谢谢,赞成
哈哈好,赞成
哈哈好了,赞成
哈哈好吧,赞成
哈哈好的,赞成
哈哈谢谢,赞成
哈好,赞成
哈好吧,赞成
哈好的谢谢,赞成
哈谢谢,赞成
哎好,赞成
哎好吧,赞成
哎好的,赞成
哎对了,赞成
哎是的,赞成
哦.好吧,赞成
哦.好的,赞成
哦.谢谢,赞成
哦.谢谢咯,赞成
哦:谢谢,赞成
哦m好的谢谢,赞成
哦‘谢谢,赞成
哦了好的,赞成
哦了好的谢谢,赞成
哦了懂了谢谢啊,赞成
哦了解,赞成
哦了谢谢,赞成
哦哈哈好,赞成
哦哦.好的,赞成
哦哦.好的谢谢,赞成
哦哦哈哈好的,赞成
哦哦哦哦好,赞成
哦哦哦哦谢谢,赞成
哦哦哦嗯嗯,赞成
哦哦哦好,赞成
哦哦哦好吧,赞成
哦哦哦好哒,赞成
哦哦哦好的,赞成
哦哦哦好的哈,赞成
哦哦哦好的好的,赞成
哦哦哦好的谢谢,赞成
哦哦哦好的谢谢了哈,赞成
哦哦哦好的谢谢你还,赞成
哦哦哦好的谢谢您啦,赞成
哦哦哦好谢谢,赞成
哦哦哦对的,赞成
哦哦哦行谢谢,赞成
哦哦哦谢谢,赞成
哦哦哦谢谢亲啦,赞成
哦哦哦谢谢啦,赞成
哦哦哦谢谢知道了,赞成
哦哦嗯嗯,赞成
哦哦多谢喽,赞成
哦哦好,赞成
哦哦好了,赞成
哦哦好了谢谢,赞成
哦哦好吧谢谢,赞成
哦哦好吧谢谢了,赞成
哦哦好吧谢谢你啊,赞成
哦哦好哒,赞成
哦哦好哒好哒谢谢,赞成
哦哦好哒谢谢,赞成
哦哦好嘛,赞成
哦哦好嘞,赞成
哦哦好好,赞成
哦哦好得,赞成
哦哦好滴,赞成
哦哦好滴谢谢,赞成
哦哦好的,赞成
哦哦好的吧,赞成
哦哦好的呢,赞成
哦哦好的哈,赞成
哦哦好的哈哈,赞成
哦哦好的哟,赞成
哦哦好的啊,赞成
哦哦好的好的,赞成
哦哦好的好的谢谢,赞成
哦哦好的好的谢谢啊啊,赞成
哦哦好的好的谢谢啦,赞成
哦哦好的我看看,赞成
哦哦好的我试试,赞成
哦哦好的明白了谢谢,赞成
哦哦好的知道了谢谢,赞成
哦哦好的谢了,赞成
哦哦好的谢啦啊,赞成
哦哦好的谢谢,赞成
哦哦好的谢谢了,赞成
哦哦好的谢谢你,赞成
哦哦好的谢谢你了,赞成
哦哦好的谢谢你哦,赞成
哦哦好的谢谢哈,赞成
哦哦好的谢谢哈哈,赞成
哦哦好的谢谢啊,赞成
哦哦好的谢谢啦,赞成
哦哦好的谢谢您,赞成
哦哦好的谢谢额,赞成
哦哦好谢谢,赞成
哦哦对,赞成
哦哦对了,赞成
哦哦对对,赞成
哦哦对的,赞成
哦哦感谢,赞成
哦哦是的,赞成
哦哦的谢谢,赞成
哦哦行,赞成
哦哦行吧,赞成
哦哦行好的,赞成
哦哦要的,赞成
哦哦谢了,赞成
哦哦谢啦,赞成
哦哦谢谢,赞成
哦哦谢谢了,赞成
哦哦谢谢你,赞成
哦哦谢谢你了,赞成
哦哦谢谢你先,赞成
哦哦谢谢你哈,赞成
哦哦谢谢你啦,赞成
哦哦谢谢哈,赞成
哦哦谢谢哦,赞成
哦哦谢谢啊,赞成
哦哦谢谢啦,赞成
哦哦谢谢您,赞成
哦哦谢谢您了,赞成
哦哦这样啊好的,赞成
哦哦那好,赞成
哦哦那好吧,赞成
哦哦那好的,赞成
哦哦那对,赞成
哦哦那就好谢谢,赞成
哦哦那就行,赞成
哦哦那行,赞成
哦哦那谢谢了,赞成
哦嗯嗯,赞成
哦多谢,赞成
哦好,赞成
哦好了谢谢,赞成
哦好吧,赞成
哦好吧m,赞成
哦好吧好吧,赞成
哦好吧谢谢,赞成
哦好吧谢谢你,赞成
哦好吧谢谢你了,赞成
哦好呢,赞成
哦好哒,赞成
哦好哒谢谢,赞成
哦好嘛,赞成
哦好嘞,赞成
哦好好,赞成
哦好好谢谢啊,赞成
哦好得,赞成
哦好我想想,赞成
哦好我看看,赞成
哦好把,赞成
哦好滴,赞成
哦好滴谢谢,赞成
哦好的,赞成
哦好的ok,赞成
哦好的x谢谢,赞成
哦好的‘’,赞成
哦好的吧,赞成
哦好的呢,赞成
哦好的哈,赞成
哦好的哦,赞成
哦好的多谢,赞成
哦好的好的,赞成
哦好的好的好的,赞成
哦好的好的谢谢,赞成
哦好的好的谢谢啊,赞成
哦好的懂了,赞成
哦好的我买了,赞成
哦好的我在看看,赞成
哦好的我看下谢谢了,赞成
哦好的我看看,赞成
哦好的我知道了谢谢,赞成
哦好的明白了谢谢,赞成
哦好的没事谢谢,赞成
哦好的看看,赞成
哦好的知道了谢谢,赞成
哦好的知道了谢谢你,赞成
哦好的知道了谢谢您,赞成
哦好的谢了,赞成
哦好的谢啦,赞成
哦好的谢谢,赞成
哦好的谢谢了,赞成
哦好的谢谢亲了,赞成
哦好的谢谢你,赞成
哦好的谢谢你了,赞成
哦好的谢谢你哈,赞成
哦好的谢谢你啊,赞成
哦好的谢谢哈,赞成
哦好的谢谢哦,赞成
哦好的谢谢啊,赞成
哦好的谢谢啦,赞成
哦好的谢谢小美女,赞成
哦好的谢谢您,赞成
哦好的谢谢我知道了,赞成
哦好的谢谢老板,赞成
哦好行,赞成
哦好谢了,赞成
哦好谢哈,赞成
哦好谢谢,赞成
哦好谢谢了,赞成
哦好谢谢你,赞成
哦好谢谢哈,赞成
哦好谢谢啊,赞成
哦好谢谢啦,赞成
哦对,赞成
哦对了,赞成
哦对哦,赞成
哦对对,赞成
哦对对对,赞成
哦对的,赞成
哦懂了谢谢,赞成
哦我看看谢谢,赞成
哦明白了谢谢,赞成
哦明白啦谢谢,赞成
哦明白谢谢,赞成
哦明白谢谢啊,赞成
哦是的,赞成
哦是的是的,赞成
哦是这样的,赞成
哦没了谢谢,赞成
哦看一下谢谢,赞成
哦知道了谢谢,赞成
哦知道啦谢谢,赞成
哦行,赞成
哦行知道了谢谢,赞成
哦行谢谢,赞成
哦谢了,赞成
哦谢你了,赞成
哦谢啦,赞成
哦谢拉,赞成
哦谢老板,赞成
哦谢谢,赞成
哦谢谢了,赞成
哦谢谢你,赞成
哦谢谢你了,赞成
哦谢谢你哟,赞成
哦谢谢你的,赞成
哦谢谢呀,赞成
哦谢谢咯,赞成
哦谢谢哈,赞成
哦谢谢哦,赞成
哦谢谢啊,赞成
哦谢谢啦,赞成
哦谢谢好的,赞成
哦谢谢您,赞成
哦谢谢我看看,赞成
哦谢谢拉,赞成
哦谢谢知道了,赞成
哦谢谢谢谢,赞成
哦谢鞋,赞成
哦还得谢谢,赞成
哦这就对了,赞成
哦这样的谢谢,赞成
哦这样谢谢,赞成
哦这样谢谢喽,赞成
哦那好吧谢谢,赞成
哦那好我拍了,赞成
哦那好的,赞成
哦那好谢谢你,赞成
哦那就好,赞成
哦那就好谢谢,赞成
哦那就对了,赞成
哦那就行,赞成
哦那就谢谢了,赞成
哦那挺好的,赞成
哦那算了谢谢,赞成
哦那行,赞成
哦那行吧,赞成
哦那行好的,赞成
哦那谢谢,赞成
哦那谢谢了,赞成
哦那谢谢你了,赞成
哦那谢谢啊,赞成
哦额好的,赞成
哪嗯嗯,赞成
哪好,赞成
哪好吧,赞成
哪好哪,赞成
哪好啊,赞成
哪好的,赞成
唉好吧,赞成
唔好,赞成
唔好吧,赞成
啊哦谢谢,赞成
啊好,赞成
啊好吧,赞成
啊好的,赞成
啊好的谢谢,赞成
啊好的谢谢你了,赞成
啊好谢谢你,赞成
啊对,赞成
啊对了,赞成
啊对对,赞成
啊对的,赞成
啊恩,赞成
啊是,赞成
啊是的,赞成
啊谢谢,赞成
啊谢谢美女,赞成
喔:-o谢谢您,赞成
喔喔喔好的,赞成
喔喔好,赞成
喔喔好恩,赞成
喔喔好的,赞成
喔喔好的谢谢,赞成
喔喔谢谢,赞成
喔喔谢谢了,赞成
喔嗯,赞成
喔嗯嗯,赞成
喔好,赞成
喔好吧,赞成
喔好的,赞成
喔好的谢谢,赞成
喔对了,赞成
喔知道谢谢,赞成
喔谢谢,赞成
喔谢谢了,赞成
嗯,赞成
嗯.,赞成
嗯.好.,赞成
嗯.好吧.,赞成
嗯.好的,赞成
嗯.谢谢,赞成
嗯1,赞成
嗯1谢谢,赞成
嗯88,赞成
嗯:,赞成
嗯:好的,赞成
嗯:好的:,赞成
嗯n,赞成
嗯o,赞成
嗯ok,赞成
嗯w,赞成
嗯y,赞成
嗯‘,赞成
嗯‘’,赞成
嗯不错,赞成
嗯也是,赞成
嗯也行,赞成
嗯了,赞成
嗯了解了,赞成
嗯去吧,赞成
嗯号的,赞成
嗯呐,赞成
嗯呐多谢,赞成
嗯呐好,赞成
嗯呐好的,赞成
嗯呐谢谢,赞成
嗯呢,赞成
嗯呢呢,赞成
嗯呢好,赞成
嗯呢好哒,赞成
嗯呢好的,赞成
嗯呢好的谢谢,赞成
嗯呢我看看谢谢,赞成
嗯呢谢谢,赞成
嗯哦好的,赞成
嗯哦谢谢,赞成
嗯哪,赞成
嗯哪好,赞成
嗯哪对的,赞成
嗯啊,赞成
嗯啊好,赞成
嗯啊好吧,赞成
嗯啊好的,赞成
嗯啊好的谢谢,赞成
嗯啊对的,赞成
嗯啊我看看,赞成
嗯啊是的,赞成
嗯啊谢谢,赞成
嗯啥恩,赞成
嗯啦,赞成
嗯嗯,赞成
嗯嗯.那就好,赞成
嗯嗯0,赞成
嗯嗯1,赞成
嗯嗯88,赞成
嗯嗯:好,赞成
嗯嗯:是的,赞成
嗯嗯ok,赞成
嗯嗯’,赞成
嗯嗯也行,赞成
嗯嗯买了,赞成
嗯嗯了解,赞成
嗯嗯会的,赞成
嗯嗯你忙吧谢谢,赞成
嗯嗯呐,赞成
嗯嗯呢,赞成
嗯嗯哒,赞成
嗯嗯啊,赞成
嗯嗯啊啊啊,赞成
嗯嗯啊好,赞成
嗯嗯啦,赞成
嗯嗯嗯,赞成
嗯嗯嗯呃,赞成
嗯嗯嗯呢,赞成
嗯嗯嗯好,赞成
嗯嗯嗯好吧,赞成
嗯嗯嗯好的,赞成
嗯嗯在看,赞成
嗯嗯多谢,赞成
嗯嗯够了,赞成
嗯嗯奥,赞成
嗯嗯好,赞成
嗯嗯好了,赞成
嗯嗯好了谢谢,赞成
嗯嗯好吧,赞成
嗯嗯好呀,赞成
嗯嗯好哒,赞成
嗯嗯好啊,赞成
嗯嗯好嗯嗯好的,赞成
嗯嗯好嘞,赞成
嗯嗯好噢,赞成
嗯嗯好好的,赞成
嗯嗯好好谢谢,赞成
嗯嗯好得,赞成
嗯嗯好滴,赞成
嗯嗯好滴谢谢,赞成
嗯嗯好的,赞成
嗯嗯好的d,赞成
嗯嗯好的吧,赞成
嗯嗯好的呢,赞成
嗯嗯好的哈,赞成
嗯嗯好的哟,赞成
嗯嗯好的多谢,赞成
嗯嗯好的感谢,赞成
嗯嗯好的懂了,赞成
嗯嗯好的我看看,赞成
嗯嗯好的知道了谢谢,赞成
嗯嗯好的谢谢,赞成
嗯嗯好的谢谢你,赞成
嗯嗯好的谢谢你啦,赞成
嗯嗯好的谢谢啦,赞成
嗯嗯好的谢谢您,赞成
嗯嗯好谢谢,赞成
嗯嗯好谢谢啦,赞成
嗯嗯对,赞成
嗯嗯对呀,赞成
嗯嗯对喽,赞成
嗯嗯对的,赞成
嗯嗯就是,赞成
嗯嗯差不多,赞成
嗯嗯带了,赞成
嗯嗯感谢,赞成
嗯嗯懂了,赞成
嗯嗯懂了谢谢,赞成
嗯嗯拜,赞成
嗯嗯拜拜,赞成
嗯嗯明白了谢谢,赞成
嗯嗯明白谢谢,赞成
嗯嗯是,赞成
嗯嗯是了,赞成
嗯嗯是的,赞成
嗯嗯是这个,赞成
嗯嗯是这样,赞成
嗯嗯是这款,赞成
嗯嗯有的哈,赞成
嗯嗯有的哦,赞成
嗯嗯没了,赞成
嗯嗯知道了谢谢,赞成
嗯嗯知道了谢谢你,赞成
嗯嗯行,赞成
嗯嗯要的,赞成
嗯嗯谢,赞成
嗯嗯谢了,赞成
嗯嗯谢啊,赞成
嗯嗯谢谢,赞成
嗯嗯谢谢了,赞成
嗯嗯谢谢了哦,赞成
嗯嗯谢谢你,赞成
嗯嗯谢谢你了,赞成
嗯嗯谢谢你哦,赞成
嗯嗯谢谢哈,赞成
嗯嗯谢谢哦,赞成
嗯嗯谢谢啊,赞成
嗯嗯谢谢啦,赞成
嗯嗯谢谢您,赞成
嗯嗯谢谢明白了,赞成
嗯嗯谢谢谢谢,赞成
嗯嗯这个,赞成
嗯嗯这款,赞成
嗯嗯那好吧,赞成
嗯嗯那好的,赞成
嗯嗯那就好,赞成
嗯嗯那行,赞成
嗯嗯额,赞成
嗯在,赞成
嗯在的,赞成
嗯在看,赞成
嗯在看呢,赞成
嗯在看看,赞成
嗯多谢,赞成
嗯好,赞成
嗯好.谢谢,赞成
嗯好了,赞成
嗯好了的,赞成
嗯好了解了,赞成
嗯好了谢谢,赞成
嗯好吧,赞成
嗯好吧我想想,赞成
嗯好吧谢谢,赞成
嗯好呢,赞成
嗯好哒,赞成
嗯好哒谢谢,赞成
嗯好哒谢谢啦,赞成
嗯好哩,赞成
嗯好啊,赞成
嗯好嘛,赞成
嗯好嘞,赞成
嗯好好,赞成
嗯好滴,赞成
嗯好滴谢谢啦,赞成
嗯好的,赞成
嗯好的.谢谢你哈,赞成
嗯好的了解了,赞成
嗯好的你忙吧,赞成
嗯好的吧,赞成
嗯好的呢,赞成
嗯好的哈谢谢,赞成
嗯好的哦,赞成
嗯好的多钱,赞成
嗯好的好的,赞成
嗯好的好的好的,赞成
嗯好的好的谢谢了,赞成
嗯好的好的谢谢你了,赞成
嗯好的我查查,赞成
嗯好的我看看,赞成
嗯好的我看看吧,赞成
嗯好的我知道了谢谢,赞成
嗯好的我问问,赞成
嗯好的明白了谢谢,赞成
嗯好的知道了谢谢,赞成
嗯好的试试,赞成
嗯好的谢了,赞成
嗯好的谢谢,赞成
嗯好的谢谢了,赞成
嗯好的谢谢亲.,赞成
嗯好的谢谢你,赞成
嗯好的谢谢哈,赞成
嗯好的谢谢啊,赞成
嗯好的谢谢啊我知道,赞成
嗯好的谢谢啊谢谢,赞成
嗯好的谢谢啦,赞成
嗯好的谢谢您,赞成
嗯好的谢谢您了,赞成
嗯好的谢谢我在选选,赞成
嗯好的谢谢我看看,赞成
嗯好的谢谢知道啊,赞成
嗯好的谢谢谢谢,赞成
嗯好谢谢,赞成
嗯好谢谢你,赞成
嗯好饿的,赞成
嗯对,赞成
嗯对了,赞成
嗯对呀,赞成
嗯对啊,赞成
嗯对的,赞成
嗯对这款,赞成
嗯帮看看谢谢,赞成
嗯恩,赞成
嗯懂了,赞成
嗯我买了,赞成
嗯我再看看谢谢,赞成
嗯我看看,赞成
嗯我试试,赞成
嗯拍了,赞成
嗯明白了谢谢,赞成
嗯是,赞成
嗯是了,赞成
嗯是呀,赞成
嗯是呢,赞成
嗯是啊,赞成
嗯是的,赞成
嗯是的啊,赞成
嗯是的有吗,赞成
嗯是这个,赞成
嗯是这款,赞成
嗯有,赞成
嗯有吗,赞成
嗯有没,赞成
嗯有没有了,赞成
嗯有的,赞成
嗯没了,赞成
嗯没呢,赞成
嗯没有,赞成
嗯没有啊,赞成
嗯现在有了,赞成
嗯的,赞成
嗯的呢,赞成
嗯的谢谢,赞成
嗯看了,赞成
嗯看看,赞成
嗯看看吧,赞成
嗯知道了,赞成
嗯知道了谢谢,赞成
嗯知道了谢谢了,赞成
嗯知道了谢谢你,赞成
嗯知道了谢谢你啦,赞成
嗯知道了谢谢啊,赞成
嗯等你,赞成
嗯等等,赞成
嗯算是,赞成
嗯美女,赞成
嗯蒽,赞成
嗯行,赞成
嗯行吧,赞成
嗯行呀,赞成
嗯行哦,赞成
嗯行啊,赞成
嗯行好吗,赞成
嗯行好的,赞成
嗯行我看看,赞成
嗯行的,赞成
嗯要的,赞成
嗯谢,赞成
嗯谢了,赞成
嗯谢咯,赞成
嗯谢啦,赞成
嗯谢谢,赞成
嗯谢谢了,赞成
嗯谢谢你,赞成
嗯谢谢啦,赞成
嗯谢谢宝宝,赞成
嗯谢谢您,赞成
嗯谢谢我在看看,赞成
嗯谢谢知道了,赞成
嗯谢谢谢谢,赞成
嗯还有,赞成
嗯这,赞成
嗯这个,赞成
嗯这个是的,赞成
嗯这样啊,赞成
嗯这款,赞成
嗯那,赞成
嗯那也是,赞成
嗯那好,赞成
嗯那好吧,赞成
嗯那好的,赞成
嗯那就好,赞成
嗯那就行,赞成
嗯那就行.,赞成
嗯那挺好的,赞成
嗯那行,赞成
嗯那谢谢,赞成
嗯那谢谢啦,赞成
嗯额,赞成
嗯额嗯嗯,赞成
嗯额好的,赞成
嗯额好的谢谢,赞成
嗯额谢谢亲啦,赞成
嗯饿哦,赞成
嗷嗷好,赞成
嗷嗷好吧,赞成
嗷嗷好的,赞成
嗷嗷好的谢谢,赞成
嗷嗷谢谢,赞成
嗷嗷谢谢啊,赞成
嗷好,赞成
嗷好的,赞成
嘿嘿好的,赞成
噢.好,赞成
噢哦好的,赞成
噢噢.好的,赞成
噢噢ok,赞成
噢噢噢哦哦好的,赞成
噢噢噢噢好的,赞成
噢噢噢好,赞成
噢噢噢好吧,赞成
噢噢噢好哒,赞成
噢噢噢好的,赞成
噢噢噢好的谢谢,赞成
噢噢好,赞成
噢噢好吧,赞成
噢噢好吧好吧,赞成
噢噢好吧谢谢,赞成
噢噢好哒,赞成
噢噢好嘛,赞成
噢噢好的,赞成
噢噢好的谢谢,赞成
噢噢好的谢谢你,赞成
噢噢好的谢谢你啊,赞成
噢噢好谢谢,赞成
噢噢谢谢,赞成
噢噢谢谢哈,赞成
噢噢谢谢哦,赞成
噢噢谢谢啊,赞成
噢噢谢谢啦,赞成
噢噢谢谢噢,赞成
噢噢谢谢您,赞成
噢噢那谢谢你啦,赞成
噢好,赞成
噢好吧,赞成
噢好哒,赞成
噢好啊,赞成
噢好嘛,赞成
噢好地,赞成
噢好的,赞成
噢好的好的,赞成
噢好的谢了,赞成
噢好的谢谢,赞成
噢好的谢谢你,赞成
噢好的谢谢啊,赞成
噢好的谢谢噢,赞成
噢好的额,赞成
噢好谢谢,赞成
噢行,赞成
噢谢了,赞成
噢谢啦,赞成
噢谢谢,赞成
噢谢谢了,赞成
噢谢谢你,赞成
噢谢谢你啦,赞成
噢谢谢哈,赞成
噢谢谢啊,赞成
噢谢谢啦,赞成
噢谢谢您,赞成
噢那谢谢您,赞成
多有好的谢谢,赞成
多谢,赞成
多谢0,赞成
多谢丫,赞成
多谢了,赞成
多谢了哈,赞成
多谢亲了,赞成
多谢你,赞成
多谢你了,赞成
多谢你啊,赞成
多谢你啦,赞成
多谢先,赞成
多谢呀,赞成
多谢呢,赞成
多谢哈,赞成
多谢哦,赞成
多谢啊,赞成
多谢啦,赞成
多谢喽,赞成
多谢多谢,赞成
多谢多谢了,赞成
多谢您,赞成
多谢您啦,赞成
多谢晒,赞成
太好了谢谢,赞成
奥奥好,赞成
奥奥好吧,赞成
奥奥好的,赞成
奥奥好的谢谢,赞成
奥奥谢谢,赞成
奥好,赞成
奥好吧,赞成
奥好吧谢谢,赞成
奥好的,赞成
奥好的吧,赞成
奥好的谢谢,赞成
奥好谢谢,赞成
奥对,赞成
奥是,赞成
奥行,赞成
奥谢谢,赞成
奥谢谢了,赞成
好,赞成
好-,赞成
好.,赞成
好.88,赞成
好.谢谢,赞成
好0,赞成
好1,赞成
好66,赞成
好:,赞成
好b,赞成
好d,赞成
好i,赞成
好m,赞成
好o,赞成
好ok,赞成
好o了,赞成
好o的,赞成
好‘,赞成
好‘’,赞成
好丨,赞成
好了1谢谢,赞成
好了亲谢谢,赞成
好了吗谢谢,赞成
好了好了谢谢,赞成
好了谢谢,赞成
好了谢谢你,赞成
好了谢谢美女,赞成
好勒谢谢了,赞成
好吗谢谢,赞成
好吧,赞成
好吧.,赞成
好吧0,赞成
好吧m,赞成
好吧‘,赞成
好吧‘’,赞成
好吧’,赞成
好吧’谢谢,赞成
好吧呐,赞成
好吧哈,赞成
好吧哈哈,赞成
好吧哈哈哈哈哈,赞成
好吧啊,赞成
好吧啊啊,赞成
好吧多谢,赞成
好吧好吧,赞成
好吧好吧谢谢,赞成
好吧好吧谢谢你,赞成
好吧好吧谢谢谢谢,赞成
好吧想想,赞成
好吧懂了,赞成
好吧拜拜,赞成
好吧谢,赞成
好吧谢了,赞成
好吧谢啦,赞成
好吧谢谢,赞成
好吧谢谢了,赞成
好吧谢谢你,赞成
好吧谢谢你了,赞成
好吧谢谢啊,赞成
好吧谢谢啦,赞成
好吧谢谢喽,赞成
好吧谢谢您,赞成
好吧这个,赞成
好吧那,赞成
好呀,赞成
好呐,赞成
好呗,赞成
好呢,赞成
好呢‘’,赞成
好呢吧,赞成
好呢好呢,赞成
好呢谢谢,赞成
好咧,赞成
好哇,赞成
好哈,赞成
好哈谢谢啦,赞成
好哎,赞成
好哒,赞成
好哒吧,赞成
好哒哈,赞成
好哒奥,赞成
好哒好哒,赞成
好哒好哒谢谢,赞成
好哒谢谢,赞成
好哒谢谢了,赞成
好哒谢谢你,赞成
好哒谢谢哈,赞成
好哒谢谢噢,赞成
好哒谢谢您,赞成
好哟,赞成
好哩,赞成
好啊,赞成
好喔,赞成
好嗯,赞成
好嗯好,赞成
好嘛,赞成
好嘞,赞成
好嘞谢谢,赞成
好嘞谢谢了,赞成
好噢,赞成
好噶,赞成
好多人谢谢,赞成
好多谢你,赞成
好好,赞成
好好吧,赞成
好好好,赞成
好好好吧谢谢啦,赞成
好好好好谢谢,赞成
好好好谢谢,赞成
好好的,赞成
好好谢谢,赞成
好好谢谢了,赞成
好好谢谢你,赞成
好好谢谢哈,赞成
好好谢谢您了,赞成
好对啊,赞成
好得谢谢哦,赞成
好想谢谢,赞成
好感谢你,赞成
好把,赞成
好来谢谢了,赞成
好滴,赞成
好滴亲,赞成
好滴吧,赞成
好滴呀,赞成
好滴呢,赞成
好滴啊,赞成
好滴嘞,赞成
好滴好滴,赞成
好滴好滴谢谢啦,赞成
好滴谢谢,赞成
好滴谢谢亲啦,赞成
好滴谢谢呀,赞成
好滴谢谢啦,赞成
好的,赞成
好的.,赞成
好的.感谢,赞成
好的.谢谢,赞成
好的.谢谢了,赞成
好的.谢谢啊,赞成
好的0,赞成
好的1,赞成
好的2,赞成
好的4,赞成
好的88,赞成
好的888,赞成
好的:,赞成
好的:谢谢,赞成
好的d,赞成
好的e,赞成
好的h,赞成
好的o,赞成
好的ok,赞成
好的om,赞成
好的q,赞成
好的x,赞成
好的x谢谢,赞成
好的y,赞成
好的y谢谢,赞成
好的‘,赞成
好的‘’,赞成
好的‘谢谢,赞成
好的’,赞成
好的买买买,赞成
好的买了,赞成
好的了解,赞成
好的了解了,赞成
好的了解了多谢,赞成
好的了解啦谢谢,赞成
好的了解的,赞成
好的了解谢谢,赞成
好的亲,赞成
好的亲谢了,赞成
好的亲谢谢,赞成
好的亲谢谢了,赞成
好的亲谢谢啦,赞成
好的人谢谢,赞成
好的会的,赞成
好的先谢谢你,赞成
好的吧谢谢,赞成
好的吧谢谢啦,赞成
好的呀,赞成
好的呀谢谢,赞成
好的呀谢谢哦,赞成
好的呐,赞成
好的呗,赞成
好的呢,赞成
好的呢’,赞成
好的呢谢啦,赞成
好的呢谢谢,赞成
好的呢谢谢了,赞成
好的呢谢谢你了,赞成
好的呢谢谢啦,赞成
好的呢谢谢看看,赞成
好的呦,赞成
好的咧,赞成
好的咯,赞成
好的哇,赞成
好的哇谢谢,赞成
好的哈,赞成
好的哈谢谢,赞成
好的哎,赞成
好的哟,赞成
好的哦,赞成
好的哦哦,赞成
好的哦哦哦哦哦,赞成
好的哦好的,赞成
好的哦谢谢,赞成
好的哦谢谢啦,赞成
好的啊,赞成
好的啊谢谢,赞成
好的啦,赞成
好的喔,赞成
好的嗯,赞成
好的嘛,赞成
好的嘞,赞成
好的噢,赞成
好的多谢,赞成
好的多谢了,赞成
好的多谢了噢,赞成
好的多谢你,赞成
好的多谢啦,赞成
好的太好了,赞成
好的奥,赞成
好的好吧,赞成
好的好哒,赞成
好的好得,赞成
好的好的,赞成
好的好的了,赞成
好的好的多谢,赞成
好的好的好,赞成
好的好的好的,赞成
好的好的行,赞成
好的好的谢谢,赞成
好的好的谢谢了,赞成
好的好的谢谢了啊,赞成
好的好的谢谢你,赞成
好的好的谢谢你啊,赞成
好的好的谢谢哈,赞成
好的好的谢谢哦,赞成
好的好的谢谢啊,赞成
好的好的谢谢啦,赞成
好的好的谢谢您了,赞成
好的好的谢谢谢谢,赞成
好的恩,赞成
好的恩谢谢,赞成
好的感谢了,赞成
好的懂了谢谢,赞成
好的我谢谢,赞成
好的撒,赞成
好的明白啦谢谢,赞成
好的是的,赞成
好的没事谢谢,赞成
好的知道了谢谢哦,赞成
好的知道啦谢谢,赞成
好的等你,赞成
好的等等,赞成
好的等等吧,赞成
好的美人谢谢,赞成
好的美女,赞成
好的行谢谢啦,赞成
好的订了,赞成
好的诶,赞成
好的谢,赞成
好的谢:谢,赞成
好的谢了,赞成
好的谢了哈,赞成
好的谢了啊,赞成
好的谢了美女,赞成
好的谢你,赞成
好的谢好,赞成
好的谢您,赞成
好的谢谢,赞成
好的谢谢:,赞成
好的谢谢le,赞成
好的谢谢y,赞成
好的谢谢‘’,赞成
好的谢谢了,赞成
好的谢谢了哈,赞成
好的谢谢了啊,赞成
好的谢谢亲,赞成
好的谢谢亲了,赞成
好的谢谢亲呢,赞成
好的谢谢亲哦,赞成
好的谢谢亲哦哦,赞成
好的谢谢亲啊,赞成
好的谢谢亲啦,赞成
好的谢谢你,赞成
好的谢谢你了,赞成
好的谢谢你了啊,赞成
好的谢谢你呢,赞成
好的谢谢你哈,赞成
好的谢谢你哦,赞成
好的谢谢你啊,赞成
好的谢谢你啦,赞成
好的谢谢你噢,赞成
好的谢谢你忙,赞成
好的谢谢你的,赞成
好的谢谢你美女,赞成
好的谢谢侬,赞成
好的谢谢再见,赞成
好的谢谢卡,赞成
好的谢谢呢,赞成
好的谢谢呢没事,赞成
好的谢谢咯,赞成
好的谢谢哈,赞成
好的谢谢哟,赞成
好的谢谢哦,赞成
好的谢谢啊,赞成
好的谢谢啦,赞成
好的谢谢喔,赞成
好的谢谢奥,赞成
好的谢谢好,赞成
好的谢谢妞,赞成
好的谢谢小妹,赞成
好的谢谢小姐姐,赞成
好的谢谢您,赞成
好的谢谢您了,赞成
好的谢谢您哈,赞成
好的谢谢您哦,赞成
好的谢谢懂了,赞成
好的谢谢提醒,赞成
好的谢谢热,赞成
好的谢谢美女,赞成
好的谢谢诶,赞成
好的谢谢谢,赞成
好的谢谢谢啦,赞成
好的谢谢谢谢,赞成
好的谢谢谢谢您,赞成
好的谢谢阿,赞成
好的这谢谢啦,赞成
好的那,赞成
好的那好吧,赞成
好的那谢谢,赞成
好的那谢谢了,赞成
好的额,赞成
好的额谢谢,赞成
好行,赞成
好行谢谢,赞成
好要的谢谢,赞成
好谢,赞成
好谢了,赞成
好谢啦,赞成
好谢谢,赞成
好谢谢了,赞成
好谢谢亲了哦,赞成
好谢谢亲啦,赞成
好谢谢你,赞成
好谢谢你了,赞成
好谢谢呀,赞成
好谢谢哈,赞成
好谢谢哦,赞成
好谢谢啊,赞成
好谢谢啦,赞成
好谢谢您,赞成
好谢谢您了,赞成
好谢谢懂了,赞成
好谢谢我,赞成
好谢谢我去买,赞成
好谢谢的,赞成
好谢谢知道了,赞成
好谢谢美女,赞成
好谢谢谢了,赞成
好谢谢谢你,赞成
好谢谢谢谢,赞成
好谢谢阿,赞成
好额谢谢,赞成
对哇,赞成
对哈,赞成
对啊,赞成
对啊‘’,赞成
对嗯,赞成
对对,赞成
对对‘’,赞成
对对对,赞成
对对对谢谢,赞成
对的,赞成
对的’,赞成
对的亲,赞成
对的啊,赞成
对的噢,赞成
对的对的,赞成
对的额,赞成
对谢谢,赞成
对额,赞成
就是买谢谢哈,赞成
弄好了谢谢,赞成
恩,赞成
恩2,赞成
恩‘’,赞成
恩不急,赞成
恩不错,赞成
恩中,赞成
恩买了了,赞成
恩了,赞成
恩了解了谢谢,赞成
恩吧,赞成
恩呐,赞成
恩呢,赞成
恩呢好,赞成
恩呢好的,赞成
恩呢谢谢,赞成
恩哒,赞成
恩哦,赞成
恩哪,赞成
恩啊,赞成
恩啊好的谢谢,赞成
恩啦,赞成
恩嗯,赞成
恩嗯好的,赞成
恩嗯谢谢,赞成
恩好,赞成
恩好了,赞成
恩好吧,赞成
恩好吧谢谢,赞成
恩好哒,赞成
恩好的,赞成
恩好的.,赞成
恩好的了解了,赞成
恩好的呢,赞成
恩好的谢谢,赞成
恩好的谢谢你,赞成
恩好谢谢,赞成
恩对,赞成
恩对啊,赞成
恩对的,赞成
恩就是,赞成
恩差不多,赞成
恩恩,赞成
恩恩‘,赞成
恩恩‘’,赞成
恩恩’,赞成
恩恩呢,赞成
恩恩哈好,赞成
恩恩好,赞成
恩恩好的,赞成
恩恩好的e,赞成
恩恩好的多谢,赞成
恩恩好的谢谢,赞成
恩恩对,赞成
恩恩是,赞成
恩恩是的,赞成
恩恩行,赞成
恩恩行的,赞成
恩恩谢谢,赞成
恩恩那就好,赞成
恩感谢,赞成
恩懂了,赞成
恩明白了谢谢,赞成
恩是,赞成
恩是的,赞成
恩是的谢谢,赞成
恩没,赞成
恩的,赞成
恩看不了,赞成
恩看看吧,赞成
恩行,赞成
恩行谢谢了,赞成
恩说,赞成
恩谢了,赞成
恩谢谢,赞成
恩谢谢了,赞成
恩谢谢你,赞成
恩谢谢您,赞成
恩谢谢我看下,赞成
恩那个,赞成
恩那就好,赞成
恩额,赞成
恩额嗯,赞成
感谢,赞成
感谢‘,赞成
感谢感谢,赞成
感谢美女,赞成
懂,赞成
懂了,赞成
懂了谢谢,赞成
懂了谢谢哈,赞成
懂了谢谢哦,赞成
懂啦,赞成
我低楼谢谢哈,赞成
我想想哈谢谢,赞成
我看看哈谢谢,赞成
我看看谢谢哈,赞成
拍了谢谢,赞成
挺好的谢谢啊,赞成
昂好的,赞成
昂昂好的,赞成
昂谢谢,赞成
明白了呢谢谢哦,赞成
是,赞成
是吧好的,赞成
是呀,赞成
是呢,赞成
是哇,赞成
是哈,赞成
是啊,赞成
是啊.,赞成
是啊啊,赞成
是嗯,赞成
是的,赞成
是的‘’,赞成
是的’,赞成
是的亲,赞成
是的呀,赞成
是的哈,赞成
是的啊,赞成
是的喽,赞成
是的嗯,赞成
是的是的,赞成
是额,赞成
欧好的,赞成
欧好谢谢,赞成
欧欧好的,赞成
没了谢谢,赞成
没了谢谢了,赞成
没事了谢谢,赞成
没事谢谢,赞成
没事谢谢了,赞成
没我了谢谢,赞成
没有了谢谢,赞成
熬好的谢谢,赞成
熬谢谢你了,赞成
真的谢谢您哈,赞成
知懂了谢谢,赞成
知道了谢谢,赞成
知道了谢谢美女,赞成
美女谢谢哈,赞成
蒽,赞成
蒽好的,赞成
蒽蒽,赞成
行,赞成
行了,赞成
行了谢谢,赞成
行吧,赞成
行吧谢谢,赞成
行吧谢谢了,赞成
行吧谢谢啊,赞成
行呢,赞成
行嘛,赞成
行嘞,赞成
行太好了,赞成
行好吧,赞成
行好嘞,赞成
行好滴,赞成
行好的,赞成
行好的谢谢,赞成
行的,赞成
行的话好吧,赞成
行行好,赞成
行谢谢,赞成
行谢谢了,赞成
行谢谢你,赞成
行那就好,赞成
袄谢谢,赞成
要嗯嗯,赞成
谢,赞成
谢.,赞成
谢:,赞成
谢@,赞成
谢n,赞成
谢一,赞成
谢了,赞成
谢了‘,赞成
谢了先,赞成
谢了呢,赞成
谢了哈,赞成
谢了哦,赞成
谢了啊,赞成
谢了喔,赞成
谢了噶,赞成
谢了美女,赞成
谢亲了,赞成
谢亲啦,赞成
谢你,赞成
谢你了,赞成
谢咯,赞成
谢哇,赞成
谢哈,赞成
谢啦,赞成
谢啦哈,赞成
谢啦啊,赞成
谢啦啦,赞成
谢啦谢,赞成
谢喔,赞成
谢喽,赞成
谢您,赞成
谢您了,赞成
谢知道了,赞成
谢美女了,赞成
谢老板,赞成
谢谢,赞成
谢谢.,赞成
谢谢0,赞成
谢谢1,赞成
谢谢2,赞成
谢谢3,赞成
谢谢30,赞成
谢谢5,赞成
谢谢8,赞成
谢谢88,赞成
谢谢:,赞成
谢谢:在买,赞成
谢谢d,赞成
谢谢e,赞成
谢谢h,赞成
谢谢ha,赞成
谢谢k,赞成
谢谢l,赞成
谢谢la,赞成
谢谢le,赞成
谢谢m,赞成
谢谢n,赞成
谢谢o,赞成
谢谢w,赞成
谢谢y,赞成
谢谢‘,赞成
谢谢‘’,赞成
谢谢’,赞成
谢谢个,赞成
谢谢为,赞成
谢谢乐,赞成
谢谢买了,赞成
谢谢了,赞成
谢谢了.,赞成
谢谢了0,赞成
谢谢了‘,赞成
谢谢了了,赞成
谢谢了呀,赞成
谢谢了呢,赞成
谢谢了哈,赞成
谢谢了哟,赞成
谢谢了哦,赞成
谢谢了哦哈,赞成
谢谢了啊,赞成
谢谢了啦,赞成
谢谢了噢,赞成
谢谢了拜拜,赞成
谢谢了的,赞成
谢谢了美女,赞成
谢谢了解,赞成
谢谢了谢谢了,赞成
谢谢了阿,赞成
谢谢了麻烦,赞成
谢谢亲,赞成
谢谢亲\,赞成
谢谢亲i,赞成
谢谢亲‘’,赞成
谢谢亲了,赞成
谢谢亲了\,赞成
谢谢亲了哈,赞成
谢谢亲了啊,赞成
谢谢亲亲咯,赞成
谢谢亲人,赞成
谢谢亲呢,赞成
谢谢亲呦,赞成
谢谢亲咯,赞成
谢谢亲哈,赞成
谢谢亲哦,赞成
谢谢亲啊,赞成
谢谢亲啦,赞成
谢谢亲噢,赞成
谢谢亲您了,赞成
谢谢亲爱滴,赞成
谢谢人哟,赞成
谢谢你,赞成
谢谢你8,赞成
谢谢你i,赞成
谢谢你l,赞成
谢谢你o,赞成
谢谢你yo,赞成
谢谢你了,赞成
谢谢你了呢,赞成
谢谢你了哈,赞成
谢谢你了哦,赞成
谢谢你了啊,赞成
谢谢你了美女,赞成
谢谢你了老板,赞成
谢谢你亲下,赞成
谢谢你们,赞成
谢谢你先,赞成
谢谢你吖,赞成
谢谢你吧,赞成
谢谢你呀,赞成
谢谢你呢,赞成
谢谢你呦,赞成
谢谢你咯,赞成
谢谢你哇,赞成
谢谢你哈,赞成
谢谢你哈哈,赞成
谢谢你哈啊,赞成
谢谢你哟,赞成
谢谢你哦,赞成
谢谢你哦哦,赞成
谢谢你啊,赞成
谢谢你啊美女,赞成
谢谢你啦,赞成
谢谢你啦哈,赞成
谢谢你喔,赞成
谢谢你喽,赞成
谢谢你噢,赞成
谢谢你大美女,赞成
谢谢你奥,赞成
谢谢你好,赞成
谢谢你好的,赞成
谢谢你安,赞成
谢谢你小美女,赞成
谢谢你感谢,赞成
谢谢你昂,赞成
谢谢你滴,赞成
谢谢你的,赞成
谢谢你的哈,赞成
谢谢你知道了,赞成
谢谢你美女,赞成
谢谢你老板,赞成
谢谢你阿,赞成
谢谢你额,赞成
谢谢侬,赞成
谢谢先,赞成
谢谢勒,赞成
谢谢卡,赞成
谢谢去,赞成
谢谢发好的,赞成
谢谢号,赞成
谢谢吖,赞成
谢谢吗,赞成
谢谢吧,赞成
谢谢呀,赞成
谢谢呐,赞成
谢谢呢,赞成
谢谢呢.,赞成
谢谢呦,赞成
谢谢呵,赞成
谢谢咯,赞成
谢谢哇,赞成
谢谢哈,赞成
谢谢哈a,赞成
谢谢哈哈,赞成
谢谢哈哈哈,赞成
谢谢哈啊,赞成
谢谢哈我看看,赞成
谢谢哎,赞成
谢谢哒,赞成
谢谢哟,赞成
谢谢哦,赞成
谢谢哦哦,赞成
谢谢哩,赞成
谢谢唔,赞成
谢谢啊,赞成
谢谢啊‘’,赞成
谢谢啦,赞成
谢谢啦.,赞成
谢谢啦哈,赞成
谢谢啦啊,赞成
谢谢啦美女,赞成
谢谢喔,赞成
谢谢喽,赞成
谢谢嗯,赞成
谢谢嗷,赞成
谢谢嘛,赞成
谢谢嘞,赞成
谢谢噢,赞成
谢谢在,赞成
谢谢大美女,赞成
谢谢奥,赞成
谢谢好,赞成
谢谢好了,赞成
谢谢好的,赞成
谢谢好评,赞成
谢谢妞,赞成
谢谢妹,赞成
谢谢妹妹,赞成
谢谢姐,赞成
谢谢姐姐,赞成
谢谢对的,赞成
谢谢小,赞成
谢谢小妹妹,赞成
谢谢小妹妹啊,赞成
谢谢小姐姐,赞成
谢谢小美女,赞成
谢谢小美女啊,赞成
谢谢您,赞成
谢谢您@,赞成
谢谢您了,赞成
谢谢您了哈,赞成
谢谢您了哦,赞成
谢谢您了啊,赞成
谢谢您了啦,赞成
谢谢您们,赞成
谢谢您呀,赞成
谢谢您呢,赞成
谢谢您咯,赞成
谢谢您哈,赞成
谢谢您哟,赞成
谢谢您哦,赞成
谢谢您啊,赞成
谢谢您啦,赞成
谢谢您嘞,赞成
谢谢您好,赞成
谢谢您拉,赞成
谢谢您美女,赞成
谢谢想,赞成
谢谢懂了,赞成
谢谢我,赞成
谢谢我去看看,赞成
谢谢拉,赞成
谢谢拍,赞成
谢谢拜,赞成
谢谢拜拜,赞成
谢谢提醒,赞成
谢谢提醒哈,赞成
谢谢撒,赞成
谢谢昂,赞成
谢谢晚安了,赞成
谢谢没,赞成
谢谢没了,赞成
谢谢没有了,赞成
谢谢滴,赞成
谢谢的,赞成
谢谢的哦,赞成
谢谢看,赞成
谢谢知道,赞成
谢谢知道了,赞成
谢谢秦,赞成
谢谢给,赞成
谢谢美女,赞成
谢谢美女了,赞成
谢谢美女哟,赞成
谢谢美女啊,赞成
谢谢美女啦,赞成
谢谢美的,赞成
谢谢老板,赞成
谢谢老板了,赞成
谢谢解说,赞成
谢谢诶,赞成
谢谢诶了,赞成
谢谢诶额,赞成
谢谢谢,赞成
谢谢谢了,赞成
谢谢谢你,赞成
谢谢谢谢,赞成
谢谢谢谢了,赞成
谢谢谢谢哦,赞成
谢谢谢谢啦,赞成
谢谢谢谢您咯,赞成
谢谢谢谢谢谢啊,赞成
谢谢那,赞成
谢谢阿,赞成
谢谢额,赞成
谢谢额美女,赞成
谢谢饿,赞成
谢谢麻烦,赞成
还是谢谢你,赞成
还是谢谢哦,赞成
这样啊好的谢谢,赞成
那好,赞成
那好吧,赞成
那好吧.,赞成
那好吧的,赞成
那好吧谢谢,赞成
那好把,赞成
那好的,赞成
那好的吧,赞成
那好的呢,赞成
那好的谢谢,赞成
那好的谢谢你,赞成
那好的额,赞成
那好谢谢,赞成
那好谢谢了,赞成
那好谢谢啊,赞成
那好谢谢啦,赞成
那就好谢谢,赞成
那就好谢谢了哈,赞成
那就好谢谢哈,赞成
那就谢谢了,赞成
那就谢谢了呢,赞成
那就谢谢你,赞成
那就谢谢你了,赞成
那就谢谢你了哈,赞成
那就谢谢你呀,赞成
那就谢谢你啊,赞成
那就谢谢吧,赞成
那就谢谢啦,赞成
那就谢谢喽,赞成
那行,赞成
那行吧,赞成
那行啊,赞成
那行嘛,赞成
那谢了,赞成
那谢啦,赞成
那谢谢,赞成
那谢谢了,赞成
那谢谢了呢,赞成
那谢谢了哈,赞成
那谢谢了哦,赞成
那谢谢了啊,赞成
那谢谢了谢谢,赞成
那谢谢亲了,赞成
那谢谢你,赞成
那谢谢你了,赞成
那谢谢你了啊,赞成
那谢谢你哈,赞成
那谢谢你哦,赞成
那谢谢你啊,赞成
那谢谢你啦,赞成
那谢谢吧,赞成
那谢谢咯,赞成
那谢谢哈,赞成
那谢谢哦,赞成
那谢谢啊,赞成
那谢谢啦,赞成
那谢谢您,赞成
那谢谢您了,赞成
那谢谢您啊,赞成
那谢谢您啦,赞成
那谢谢拉,赞成
那那好吧,赞成
都好的,赞成
额嗯嗯,赞成
额嗯谢谢,赞成
额好,赞成
额好吧,赞成
额好吧我,赞成
额好的,赞成
额好的谢谢,赞成
额好谢谢,赞成
额谢谢,赞成
额谢谢啦,赞成
额额好,赞成
额额好吧,赞成
额额好的,赞成
额额好的额,赞成

